  train: 17,904 windows | langs=['hi'] | L=10 H=60 | window-language pairs with >=2 captions: 17,892
  val: 1,370 windows | langs=['hi'] | L=10 H=60 | window-language pairs with >=2 captions: 1,368
You are using the default legacy behaviour of the <class 'transformers.models.t5.tokenization_t5.T5Tokenizer'>. This is expected, and simply means that the `legacy` (previous) behavior will be used so nothing changes for you. If you want to use the new behaviour, set `legacy=False`. This should only be set if you understand what it means, and thoroughly read the reason why this was added as explained in https://github.com/huggingface/transformers/pull/24565
The tokenizer you are loading from '/workspace/models/muril-base-cased' with an incorrect regex pattern: https://huggingface.co/mistralai/Mistral-Small-3.1-24B-Instruct-2503/discussions/84#69121093e8b480e709447d5e. This will lead to incorrect tokenization. You should set the `fix_mistral_regex=True` flag when loading this tokenizer to fix this issue.
  loaded 100m step=170000 self_qk=True cross_qk=True text_mask_prob=0.0
  encoder keys not in ckpt (expected, new module): 212
  trainable: 9 tensors, 4,725,505 params (adapter only)
  [geometry gate] n=128  token_norm=7.050 (t5 6.758)  cos(i,j)=0.6245 (t5 0.6563)  btwn/mu=0.7721 (t5 0.7201)

  [GATE] L_null (cached t5 empty-string context, 1024 val windows) = 0.03042
         Run 1 reference on BONES-SEED: L_correct 0.04815 / L_wrong 0.05900
         If L_null ~ L_wrong the native loss is a strong anchor; if it sits near L_correct, add --lambda-en and consider the repulsion term.

wandb: [wandb.login()] Loaded credentials for https://api.wandb.ai from WANDB_API_KEY.
wandb: Currently logged in as: aayush21003 (aayush21003-indraprastha-institute-of-information-techno) to https://api.wandb.ai. Use `wandb login --relogin` to force relogin
wandb: Tracking run with wandb version 0.29.0
wandb: Run data is saved locally in /workspace/wandb/run-20260905_210634-34mjptgu
wandb: Run `wandb offline` to turn off syncing.
wandb: Syncing run maila-mp-hi-v4D-corpus-len0.5-20260905-210619
wandb: ⭐️ View project at https://wandb.ai/aayush21003-indraprastha-institute-of-information-techno/maila-run2-motionpivot
wandb: 🚀 View run at https://wandb.ai/aayush21003-indraprastha-institute-of-information-techno/maila-run2-motionpivot/runs/34mjptgu
       1 loss=0.07899 nat=0.07469 xling=0.00137 en=0.00723 a=+0.1000 gn=0.05 1.09s/step | para=1.00
      25 loss=0.05840 nat=0.05574 xling=0.00144 en=0.00388 a=+0.1000 gn=0.04 1.02s/step | para=1.00
      50 loss=0.05444 nat=0.05224 xling=0.00103 en=0.00337 a=+0.1001 gn=0.04 1.02s/step | para=1.00
      75 loss=0.03994 nat=0.03812 xling=0.00075 en=0.00288 a=+0.1002 gn=0.02 1.02s/step | para=0.99 degen=0.01
     100 loss=0.04336 nat=0.04131 xling=0.00093 en=0.00317 a=+0.1004 gn=0.04 1.02s/step | para=1.00
     125 loss=0.04865 nat=0.04677 xling=0.00082 en=0.00293 a=+0.1006 gn=0.03 1.02s/step | para=1.00
     150 loss=0.05443 nat=0.05218 xling=0.00093 en=0.00355 a=+0.1007 gn=0.04 1.02s/step | para=1.00 degen=0.00
     175 loss=0.04005 nat=0.03781 xling=0.00077 en=0.00370 a=+0.1007 gn=0.03 1.02s/step | para=1.00
     200 loss=0.03550 nat=0.03370 xling=0.00080 en=0.00280 a=+0.1009 gn=0.01 1.02s/step | para=1.00
     225 loss=0.04372 nat=0.03726 xling=0.00092 en=0.01198 a=+0.1012 gn=0.03 1.02s/step | para=1.00 degen=0.00
     250 loss=0.04091 nat=0.03943 xling=0.00048 en=0.00248 a=+0.1015 gn=0.01 1.02s/step | para=1.00
     275 loss=0.03931 nat=0.03569 xling=0.00068 en=0.00657 a=+0.1018 gn=0.06 1.02s/step | para=1.00
     300 loss=0.02489 nat=0.02361 xling=0.00050 en=0.00207 a=+0.1021 gn=0.01 1.02s/step | para=1.00
     325 loss=0.04940 nat=0.04737 xling=0.00046 en=0.00360 a=+0.1025 gn=0.01 1.02s/step | para=1.00
     350 loss=0.05261 nat=0.05002 xling=0.00057 en=0.00460 a=+0.1028 gn=0.03 1.02s/step | para=1.00
     375 loss=0.03853 nat=0.03632 xling=0.00059 en=0.00381 a=+0.1031 gn=0.02 1.02s/step | para=0.99 degen=0.01
     400 loss=0.03513 nat=0.03264 xling=0.00035 en=0.00463 a=+0.1034 gn=0.01 1.02s/step | para=1.00
     425 loss=0.03843 nat=0.03627 xling=0.00048 en=0.00382 a=+0.1038 gn=0.06 1.02s/step | para=1.00
     450 loss=0.03008 nat=0.02856 xling=0.00046 en=0.00258 a=+0.1039 gn=0.01 1.02s/step | para=1.00
     475 loss=0.04841 nat=0.04585 xling=0.00039 en=0.00473 a=+0.1040 gn=0.02 1.02s/step | para=1.00
     500 loss=0.03530 nat=0.03357 xling=0.00029 en=0.00318 a=+0.1042 gn=0.01 1.02s/step | para=1.00
  [val] step 500: hi: native=0.03777 rel=-1.10% tiv=9.07e-04
  !! WARNING caption-swap sensitivity below the step-2000 level of Run 1 (+2.0%). The adapter may be ignoring the caption.
     525 loss=0.03035 nat=0.02872 xling=0.00027 en=0.00299 a=+0.1043 gn=0.01 1.02s/step | para=1.00
     550 loss=0.05475 nat=0.05176 xling=0.00052 en=0.00547 a=+0.1045 gn=0.02 1.02s/step | para=1.00
     575 loss=0.03712 nat=0.03551 xling=0.00028 en=0.00295 a=+0.1046 gn=0.01 1.02s/step | para=1.00
     600 loss=0.03003 nat=0.02853 xling=0.00027 en=0.00272 a=+0.1051 gn=0.01 1.02s/step | para=1.00
     625 loss=0.03781 nat=0.03612 xling=0.00031 en=0.00305 a=+0.1050 gn=0.02 1.01s/step | para=1.00 degen=0.00
     650 loss=0.04752 nat=0.04487 xling=0.00038 en=0.00493 a=+0.1053 gn=0.02 1.01s/step | para=1.00
     675 loss=0.03366 nat=0.03130 xling=0.00027 en=0.00445 a=+0.1056 gn=0.03 1.01s/step | para=1.00
     700 loss=0.03477 nat=0.03279 xling=0.00029 en=0.00369 a=+0.1062 gn=0.01 1.01s/step | para=1.00
     725 loss=0.02985 nat=0.02779 xling=0.00027 en=0.00387 a=+0.1064 gn=0.01 1.01s/step | para=1.00
     750 loss=0.03362 nat=0.03040 xling=0.00030 en=0.00613 a=+0.1065 gn=0.01 1.01s/step | para=1.00
     775 loss=0.04108 nat=0.03732 xling=0.00040 en=0.00713 a=+0.1068 gn=0.03 1.01s/step | para=1.00
     800 loss=0.03577 nat=0.03405 xling=0.00025 en=0.00319 a=+0.1068 gn=0.02 1.01s/step | para=1.00
     825 loss=0.05295 nat=0.05048 xling=0.00025 en=0.00471 a=+0.1068 gn=0.04 1.01s/step | para=1.00
     850 loss=0.05484 nat=0.05261 xling=0.00048 en=0.00398 a=+0.1066 gn=0.07 1.01s/step | para=1.00
     875 loss=0.03336 nat=0.03111 xling=0.00022 en=0.00427 a=+0.1067 gn=0.05 1.01s/step | para=1.00
     900 loss=0.03937 nat=0.03742 xling=0.00030 en=0.00360 a=+0.1064 gn=0.01 1.01s/step | para=1.00
     925 loss=0.03080 nat=0.02884 xling=0.00019 en=0.00373 a=+0.1055 gn=0.01 1.01s/step | para=1.00 degen=0.00
     950 loss=0.04253 nat=0.03962 xling=0.00076 en=0.00506 a=+0.1054 gn=0.04 1.01s/step | para=1.00
     975 loss=0.04375 nat=0.04215 xling=0.00034 en=0.00287 a=+0.1053 gn=0.05 1.01s/step | para=1.00
    1000 loss=0.03031 nat=0.02864 xling=0.00019 en=0.00315 a=+0.1043 gn=0.01 1.01s/step | para=1.00 degen=0.00
  [val] step 1000: hi: native=0.03750 rel=-0.19% tiv=2.97e-04
  !! WARNING caption-swap sensitivity below the step-2000 level of Run 1 (+2.0%). The adapter may be ignoring the caption.
    1025 loss=0.03182 nat=0.03017 xling=0.00030 en=0.00300 a=+0.1043 gn=0.01 1.01s/step | para=1.00
    1050 loss=0.04580 nat=0.04330 xling=0.00031 en=0.00468 a=+0.1041 gn=0.03 1.01s/step | para=1.00
    1075 loss=0.04679 nat=0.04553 xling=0.00025 en=0.00226 a=+0.1041 gn=0.02 1.01s/step | para=1.00 degen=0.00
    1100 loss=0.05440 nat=0.05194 xling=0.00046 en=0.00447 a=+0.1036 gn=0.01 1.01s/step | para=1.00
    1125 loss=0.03451 nat=0.03268 xling=0.00030 en=0.00336 a=+0.1033 gn=0.01 1.01s/step | para=1.00 degen=0.00
    1150 loss=0.04943 nat=0.04697 xling=0.00047 en=0.00446 a=+0.1035 gn=0.03 1.01s/step | para=1.00
    1175 loss=0.03233 nat=0.03107 xling=0.00019 en=0.00233 a=+0.1034 gn=0.02 1.01s/step | para=0.99 degen=0.01
    1200 loss=0.03312 nat=0.03200 xling=0.00019 en=0.00205 a=+0.1033 gn=0.01 1.01s/step | para=1.00
    1225 loss=0.07903 nat=0.07160 xling=0.00038 en=0.01449 a=+0.1032 gn=0.22 1.01s/step | para=1.00
    1250 loss=0.06066 nat=0.05898 xling=0.00021 en=0.00315 a=+0.1026 gn=0.03 1.01s/step | para=1.00
    1275 loss=0.03324 nat=0.03154 xling=0.00024 en=0.00315 a=+0.1028 gn=0.01 1.01s/step | para=1.00
    1300 loss=0.04139 nat=0.03874 xling=0.00052 en=0.00479 a=+0.1025 gn=0.04 1.01s/step | para=1.00
    1325 loss=0.03924 nat=0.03643 xling=0.00024 en=0.00539 a=+0.1027 gn=0.03 1.01s/step | para=1.00 degen=0.00
    1350 loss=0.04164 nat=0.04018 xling=0.00029 en=0.00263 a=+0.1028 gn=0.08 1.01s/step | para=1.00
    1375 loss=0.03797 nat=0.03575 xling=0.00036 en=0.00409 a=+0.1030 gn=0.04 1.01s/step | para=1.00
    1400 loss=0.04492 nat=0.04366 xling=0.00037 en=0.00217 a=+0.1030 gn=0.07 1.01s/step | para=1.00 degen=0.00
    1425 loss=0.05161 nat=0.04828 xling=0.00038 en=0.00629 a=+0.1031 gn=0.02 1.01s/step | para=1.00
    1450 loss=0.06208 nat=0.05785 xling=0.00061 en=0.00785 a=+0.1033 gn=0.07 1.01s/step | para=1.00
    1475 loss=0.03494 nat=0.03334 xling=0.00037 en=0.00283 a=+0.1022 gn=0.03 1.01s/step | para=1.00
    1500 loss=0.03873 nat=0.03682 xling=0.00032 en=0.00351 a=+0.1023 gn=0.01 1.01s/step | para=1.00 degen=0.00
  [val] step 1500: hi: native=0.03688 rel=+0.45% tiv=2.52e-04
  !! WARNING caption-swap sensitivity below the step-2000 level of Run 1 (+2.0%). The adapter may be ignoring the caption.
    1525 loss=0.02879 nat=0.02715 xling=0.00026 en=0.00302 a=+0.1025 gn=0.02 1.02s/step | para=1.00
    1550 loss=0.03942 nat=0.03423 xling=0.00029 en=0.01009 a=+0.1025 gn=0.01 1.02s/step | para=1.00
    1575 loss=0.04001 nat=0.03696 xling=0.00026 en=0.00584 a=+0.1024 gn=0.02 1.02s/step | para=1.00
    1600 loss=0.02162 nat=0.02076 xling=0.00013 en=0.00159 a=+0.1026 gn=0.00 1.02s/step | para=1.00
    1625 loss=0.02788 nat=0.02644 xling=0.00021 en=0.00267 a=+0.1031 gn=0.02 1.02s/step | para=1.00
    1650 loss=0.05235 nat=0.04984 xling=0.00053 en=0.00449 a=+0.1036 gn=0.04 1.02s/step | para=1.00
    1675 loss=0.02697 nat=0.02542 xling=0.00016 en=0.00292 a=+0.1036 gn=0.01 1.02s/step | para=1.00
    1700 loss=0.03531 nat=0.03385 xling=0.00031 en=0.00261 a=+0.1038 gn=0.02 1.02s/step | para=1.00 degen=0.00
    1725 loss=0.03697 nat=0.03518 xling=0.00025 en=0.00334 a=+0.1036 gn=0.02 1.02s/step | para=1.00 degen=0.00
    1750 loss=0.03255 nat=0.03066 xling=0.00026 en=0.00352 a=+0.1036 gn=0.02 1.02s/step | para=1.00
    1775 loss=0.04699 nat=0.04195 xling=0.00026 en=0.00982 a=+0.1040 gn=0.05 1.02s/step | para=1.00
    1800 loss=0.03503 nat=0.03380 xling=0.00018 en=0.00227 a=+0.1038 gn=0.03 1.02s/step | para=1.00
    1825 loss=0.03984 nat=0.03656 xling=0.00038 en=0.00617 a=+0.1039 gn=0.04 1.02s/step | para=1.00
    1850 loss=0.03743 nat=0.03378 xling=0.00021 en=0.00709 a=+0.1042 gn=0.07 1.02s/step | para=1.00
    1875 loss=0.04941 nat=0.04652 xling=0.00074 en=0.00505 a=+0.1043 gn=0.07 1.02s/step | para=1.00
    1900 loss=0.03557 nat=0.03388 xling=0.00025 en=0.00315 a=+0.1040 gn=0.01 1.02s/step | para=1.00
    1925 loss=0.04695 nat=0.04497 xling=0.00040 en=0.00358 a=+0.1042 gn=0.02 1.02s/step | para=1.00
    1950 loss=0.05737 nat=0.05498 xling=0.00039 en=0.00439 a=+0.1043 gn=0.06 1.02s/step | para=1.00
    1975 loss=0.03691 nat=0.03541 xling=0.00015 en=0.00285 a=+0.1039 gn=0.01 1.02s/step | para=1.00
    2000 loss=0.04348 nat=0.04164 xling=0.00034 en=0.00335 a=+0.1040 gn=0.06 1.02s/step | para=1.00
  [val] step 2000: hi: native=0.03690 rel=+1.06% tiv=5.25e-04
  !! WARNING caption-swap sensitivity below the step-2000 level of Run 1 (+2.0%). The adapter may be ignoring the caption.
  !! HF push failed: (Request ID: Root=1-6a9c8c4e-470b68da7ca6d3aa4e7e17d3;db144afe-e8c6-4b8a-8692-0350da1a9c64)

403 Forbidden: Private repository storage limit reached, please upg
    2025 loss=0.03879 nat=0.03647 xling=0.00054 en=0.00409 a=+0.1041 gn=0.05 1.02s/step | para=1.00
    2050 loss=0.04679 nat=0.04481 xling=0.00047 en=0.00349 a=+0.1042 gn=0.03 1.02s/step | para=1.00
    2075 loss=0.05153 nat=0.04982 xling=0.00048 en=0.00294 a=+0.1043 gn=0.04 1.02s/step | para=1.00
    2100 loss=0.04542 nat=0.03951 xling=0.00153 en=0.01028 a=+0.1046 gn=0.17 1.02s/step | para=1.00
    2125 loss=0.04007 nat=0.03865 xling=0.00021 en=0.00265 a=+0.1043 gn=0.03 1.02s/step | para=1.00
    2150 loss=0.03551 nat=0.03369 xling=0.00053 en=0.00310 a=+0.1045 gn=0.04 1.02s/step | para=0.99 degen=0.01
    2175 loss=0.04891 nat=0.04672 xling=0.00096 en=0.00342 a=+0.1046 gn=0.02 1.02s/step | para=1.00
    2200 loss=0.04093 nat=0.03857 xling=0.00041 en=0.00431 a=+0.1047 gn=0.01 1.02s/step | para=1.00
    2225 loss=0.05914 nat=0.05693 xling=0.00056 en=0.00386 a=+0.1050 gn=0.04 1.02s/step | para=1.00
    2250 loss=0.03353 nat=0.03234 xling=0.00023 en=0.00216 a=+0.1045 gn=0.02 1.02s/step | para=1.00 degen=0.00
    2275 loss=0.02697 nat=0.02586 xling=0.00031 en=0.00192 a=+0.1045 gn=0.01 1.02s/step | para=1.00
    2300 loss=0.04700 nat=0.04238 xling=0.00047 en=0.00877 a=+0.1048 gn=0.07 1.02s/step | para=1.00
    2325 loss=0.03895 nat=0.03665 xling=0.00035 en=0.00424 a=+0.1048 gn=0.04 1.02s/step | para=1.00
    2350 loss=0.04743 nat=0.04346 xling=0.00042 en=0.00753 a=+0.1052 gn=0.02 1.02s/step | para=1.00
    2375 loss=0.04257 nat=0.03958 xling=0.00024 en=0.00574 a=+0.1059 gn=0.10 1.02s/step | para=1.00
    2400 loss=0.02698 nat=0.02593 xling=0.00034 en=0.00175 a=+0.1056 gn=0.01 1.02s/step | para=1.00 degen=0.00
    2425 loss=0.04055 nat=0.03844 xling=0.00025 en=0.00396 a=+0.1053 gn=0.01 1.02s/step | para=1.00
    2450 loss=0.03341 nat=0.03202 xling=0.00023 en=0.00254 a=+0.1052 gn=0.01 1.02s/step | para=1.00
    2475 loss=0.03206 nat=0.03040 xling=0.00035 en=0.00298 a=+0.1050 gn=0.02 1.02s/step | para=1.00
    2500 loss=0.03849 nat=0.03688 xling=0.00047 en=0.00276 a=+0.1052 gn=0.02 1.02s/step | para=1.00
  [val] step 2500: hi: native=0.03688 rel=-0.68% tiv=1.06e-03
  !! WARNING caption-swap sensitivity below the step-2000 level of Run 1 (+2.0%). The adapter may be ignoring the caption.
    2525 loss=0.03436 nat=0.03238 xling=0.00033 en=0.00364 a=+0.1056 gn=0.02 1.02s/step | para=1.00
    2550 loss=0.04717 nat=0.04276 xling=0.00047 en=0.00835 a=+0.1052 gn=0.08 1.02s/step | para=1.00 degen=0.00
    2575 loss=0.04978 nat=0.04797 xling=0.00033 en=0.00329 a=+0.1051 gn=0.01 1.02s/step | para=1.00
    2600 loss=0.03182 nat=0.03029 xling=0.00019 en=0.00286 a=+0.1056 gn=0.03 1.02s/step | para=1.00
    2625 loss=0.03541 nat=0.03371 xling=0.00027 en=0.00312 a=+0.1058 gn=0.01 1.02s/step | para=0.99 degen=0.01
    2650 loss=0.06936 nat=0.06624 xling=0.00112 en=0.00512 a=+0.1057 gn=0.07 1.02s/step | para=1.00
    2675 loss=0.05007 nat=0.04152 xling=0.00047 en=0.01663 a=+0.1061 gn=0.04 1.02s/step | para=1.00
    2700 loss=0.04377 nat=0.04192 xling=0.00042 en=0.00328 a=+0.1053 gn=0.02 1.02s/step | para=1.00
    2725 loss=0.03824 nat=0.03645 xling=0.00043 en=0.00314 a=+0.1055 gn=0.02 1.02s/step | para=1.00 degen=0.00
    2750 loss=0.03217 nat=0.02959 xling=0.00034 en=0.00481 a=+0.1059 gn=0.01 1.02s/step | para=1.00
    2775 loss=0.06583 nat=0.06338 xling=0.00037 en=0.00454 a=+0.1061 gn=0.14 1.02s/step | para=1.00
    2800 loss=0.03968 nat=0.03803 xling=0.00037 en=0.00292 a=+0.1063 gn=0.05 1.02s/step | para=1.00
    2825 loss=0.05373 nat=0.04943 xling=0.00310 en=0.00550 a=+0.1066 gn=0.12 1.02s/step | para=1.00
    2850 loss=0.02581 nat=0.02483 xling=0.00020 en=0.00176 a=+0.1061 gn=0.04 1.02s/step | para=1.00
    2875 loss=0.03963 nat=0.03693 xling=0.00104 en=0.00437 a=+0.1064 gn=0.06 1.02s/step | para=1.00 degen=0.00
    2900 loss=0.03622 nat=0.03398 xling=0.00036 en=0.00411 a=+0.1060 gn=0.01 1.02s/step | para=1.00
    2925 loss=0.04703 nat=0.04504 xling=0.00058 en=0.00340 a=+0.1065 gn=0.01 1.02s/step | para=1.00 degen=0.00
    2950 loss=0.03620 nat=0.03447 xling=0.00044 en=0.00301 a=+0.1066 gn=0.01 1.02s/step | para=1.00 degen=0.00
    2975 loss=0.03319 nat=0.03178 xling=0.00027 en=0.00254 a=+0.1068 gn=0.01 1.02s/step | para=1.00
    3000 loss=0.04400 nat=0.04148 xling=0.00077 en=0.00427 a=+0.1064 gn=0.02 1.02s/step | para=1.00
  [val] step 3000: hi: native=0.03657 rel=-0.49% tiv=1.22e-03
  !! WARNING caption-swap sensitivity below the step-2000 level of Run 1 (+2.0%). The adapter may be ignoring the caption.
    3025 loss=0.02909 nat=0.02722 xling=0.00050 en=0.00323 a=+0.1067 gn=0.02 1.02s/step | para=1.00
    3050 loss=0.05146 nat=0.04915 xling=0.00049 en=0.00413 a=+0.1069 gn=0.05 1.02s/step | para=1.00
    3075 loss=0.03788 nat=0.03615 xling=0.00039 en=0.00307 a=+0.1071 gn=0.01 1.02s/step | para=1.00
    3100 loss=0.03454 nat=0.03316 xling=0.00024 en=0.00251 a=+0.1074 gn=0.03 1.02s/step | para=1.00
    3125 loss=0.03250 nat=0.03066 xling=0.00035 en=0.00333 a=+0.1075 gn=0.03 1.02s/step | para=1.00
    3150 loss=0.04415 nat=0.04152 xling=0.00079 en=0.00447 a=+0.1077 gn=0.03 1.02s/step | para=1.00 degen=0.00
    3175 loss=0.02688 nat=0.02561 xling=0.00020 en=0.00235 a=+0.1075 gn=0.01 1.02s/step | para=1.00
    3200 loss=0.04349 nat=0.04211 xling=0.00058 en=0.00219 a=+0.1076 gn=0.02 1.02s/step | para=1.00
    3225 loss=0.05795 nat=0.05440 xling=0.00089 en=0.00621 a=+0.1078 gn=0.12 1.02s/step | para=1.00
    3250 loss=0.02475 nat=0.02379 xling=0.00020 en=0.00172 a=+0.1077 gn=0.02 1.02s/step | para=1.00 degen=0.00
    3275 loss=0.02815 nat=0.02693 xling=0.00036 en=0.00208 a=+0.1076 gn=0.02 1.02s/step | para=1.00
    3300 loss=0.05717 nat=0.05571 xling=0.00025 en=0.00265 a=+0.1081 gn=0.03 1.02s/step | para=1.00
    3325 loss=0.04608 nat=0.04322 xling=0.00060 en=0.00511 a=+0.1085 gn=0.05 1.02s/step | para=1.00
    3350 loss=0.02898 nat=0.02734 xling=0.00043 en=0.00283 a=+0.1086 gn=0.02 1.02s/step | para=1.00
    3375 loss=0.04564 nat=0.04309 xling=0.00065 en=0.00445 a=+0.1088 gn=0.03 1.02s/step | para=1.00
    3400 loss=0.04581 nat=0.04294 xling=0.00065 en=0.00509 a=+0.1084 gn=0.05 1.02s/step | para=1.00
    3425 loss=0.04422 nat=0.04125 xling=0.00063 en=0.00533 a=+0.1085 gn=0.03 1.02s/step | para=1.00
    3450 loss=0.04929 nat=0.04609 xling=0.00060 en=0.00579 a=+0.1091 gn=0.11 1.02s/step | para=1.00 degen=0.00
    3475 loss=0.05993 nat=0.05569 xling=0.00092 en=0.00754 a=+0.1094 gn=0.03 1.02s/step | para=1.00
    3500 loss=0.04907 nat=0.04696 xling=0.00069 en=0.00354 a=+0.1093 gn=0.01 1.02s/step | para=1.00
  [val] step 3500: hi: native=0.03684 rel=-1.56% tiv=1.79e-03
  !! WARNING caption-swap sensitivity below the step-2000 level of Run 1 (+2.0%). The adapter may be ignoring the caption.
    3525 loss=0.02881 nat=0.02735 xling=0.00039 en=0.00253 a=+0.1088 gn=0.01 1.02s/step | para=1.00 degen=0.00
    3550 loss=0.03219 nat=0.02995 xling=0.00090 en=0.00358 a=+0.1086 gn=0.02 1.02s/step | para=1.00
    3575 loss=0.04046 nat=0.03806 xling=0.00032 en=0.00449 a=+0.1082 gn=0.02 1.02s/step | para=1.00 degen=0.00
    3600 loss=0.06552 nat=0.06451 xling=0.00029 en=0.00174 a=+0.1083 gn=0.08 1.02s/step | para=1.00
    3625 loss=0.03716 nat=0.03343 xling=0.00033 en=0.00714 a=+0.1087 gn=0.01 1.02s/step | para=1.00 degen=0.00
    3650 loss=0.05902 nat=0.05619 xling=0.00079 en=0.00488 a=+0.1089 gn=0.06 1.02s/step | para=1.00
    3675 loss=0.03150 nat=0.02979 xling=0.00060 en=0.00283 a=+0.1093 gn=0.02 1.02s/step | para=1.00
    3700 loss=0.03778 nat=0.03407 xling=0.00111 en=0.00631 a=+0.1091 gn=0.02 1.02s/step | para=1.00
    3725 loss=0.04069 nat=0.03766 xling=0.00034 en=0.00572 a=+0.1091 gn=0.01 1.02s/step | para=1.00
    3750 loss=0.05371 nat=0.05143 xling=0.00059 en=0.00397 a=+0.1090 gn=0.02 1.02s/step | para=1.00
    3775 loss=0.03934 nat=0.03491 xling=0.00333 en=0.00553 a=+0.1096 gn=0.04 1.02s/step | para=1.00
    3800 loss=0.04194 nat=0.04059 xling=0.00032 en=0.00239 a=+0.1096 gn=0.04 1.02s/step | para=1.00
    3825 loss=0.04907 nat=0.04541 xling=0.00176 en=0.00555 a=+0.1098 gn=0.02 1.02s/step | para=1.00
    3850 loss=0.04120 nat=0.03758 xling=0.00034 en=0.00690 a=+0.1097 gn=0.14 1.02s/step | para=1.00
    3875 loss=0.03768 nat=0.03581 xling=0.00035 en=0.00337 a=+0.1095 gn=0.01 1.02s/step | para=1.00
    3900 loss=0.04129 nat=0.03882 xling=0.00073 en=0.00422 a=+0.1096 gn=0.03 1.02s/step | para=1.00
    3925 loss=0.04198 nat=0.04008 xling=0.00055 en=0.00324 a=+0.1096 gn=0.02 1.02s/step | para=1.00
    3950 loss=0.07544 nat=0.06965 xling=0.00251 en=0.00907 a=+0.1099 gn=0.09 1.02s/step | para=1.00 degen=0.00
    3975 loss=0.03113 nat=0.02851 xling=0.00176 en=0.00349 a=+0.1100 gn=0.02 1.02s/step | para=1.00
    4000 loss=0.03035 nat=0.02857 xling=0.00048 en=0.00309 a=+0.1103 gn=0.02 1.02s/step | para=1.00 degen=0.00
  [val] step 4000: hi: native=0.03648 rel=+0.23% tiv=1.39e-03
  !! WARNING caption-swap sensitivity below the step-2000 level of Run 1 (+2.0%). The adapter may be ignoring the caption.
  !! HF push failed: (Request ID: Root=1-6a9c9455-7c409ed00bc6086d6d497586;a82de86f-73d6-451e-a983-31792a6e9ed3)

403 Forbidden: Private repository storage limit reached, please upg
    4025 loss=0.02820 nat=0.02624 xling=0.00067 en=0.00325 a=+0.1105 gn=0.02 1.02s/step | para=1.00
    4050 loss=0.04862 nat=0.04646 xling=0.00052 en=0.00379 a=+0.1103 gn=0.05 1.02s/step | para=1.00
    4075 loss=0.02916 nat=0.02772 xling=0.00029 en=0.00259 a=+0.1107 gn=0.02 1.02s/step | para=1.00
    4100 loss=0.03197 nat=0.02982 xling=0.00093 en=0.00336 a=+0.1104 gn=0.01 1.02s/step | para=1.00
    4125 loss=0.03751 nat=0.03523 xling=0.00078 en=0.00377 a=+0.1108 gn=0.02 1.02s/step | para=1.00
    4150 loss=0.03368 nat=0.03216 xling=0.00053 en=0.00250 a=+0.1109 gn=0.02 1.02s/step | para=1.00 degen=0.00
    4175 loss=0.04309 nat=0.04041 xling=0.00058 en=0.00478 a=+0.1111 gn=0.01 1.02s/step | para=1.00
    4200 loss=0.04216 nat=0.03944 xling=0.00048 en=0.00498 a=+0.1110 gn=0.05 1.02s/step | para=1.00
    4225 loss=0.04813 nat=0.04563 xling=0.00094 en=0.00407 a=+0.1110 gn=0.02 1.02s/step | para=1.00
    4250 loss=0.03375 nat=0.03240 xling=0.00030 en=0.00239 a=+0.1112 gn=0.01 1.02s/step | para=1.00
    4275 loss=0.02753 nat=0.02634 xling=0.00032 en=0.00205 a=+0.1111 gn=0.01 1.02s/step | para=1.00 degen=0.00
    4300 loss=0.04821 nat=0.04585 xling=0.00055 en=0.00417 a=+0.1112 gn=0.05 1.02s/step | para=1.00
    4325 loss=0.06350 nat=0.06121 xling=0.00066 en=0.00393 a=+0.1112 gn=0.06 1.02s/step | para=1.00
    4350 loss=0.06138 nat=0.05734 xling=0.00148 en=0.00659 a=+0.1112 gn=0.03 1.02s/step | para=1.00
    4375 loss=0.04757 nat=0.04591 xling=0.00040 en=0.00292 a=+0.1112 gn=0.02 1.02s/step | para=1.00
    4400 loss=0.03758 nat=0.03597 xling=0.00059 en=0.00262 a=+0.1116 gn=0.02 1.02s/step | para=1.00
    4425 loss=0.04406 nat=0.04183 xling=0.00061 en=0.00385 a=+0.1115 gn=0.02 1.02s/step | para=1.00
    4450 loss=0.04120 nat=0.03928 xling=0.00032 en=0.00352 a=+0.1113 gn=0.02 1.02s/step | para=1.00
    4475 loss=0.05353 nat=0.05131 xling=0.00058 en=0.00385 a=+0.1106 gn=0.06 1.02s/step | para=1.00
    4500 loss=0.03775 nat=0.03652 xling=0.00026 en=0.00221 a=+0.1107 gn=0.05 1.02s/step | para=1.00
  [val] step 4500: hi: native=0.03642 rel=+0.04% tiv=1.19e-03
  !! WARNING caption-swap sensitivity below the step-2000 level of Run 1 (+2.0%). The adapter may be ignoring the caption.
    4525 loss=0.03549 nat=0.03387 xling=0.00053 en=0.00272 a=+0.1107 gn=0.01 1.02s/step | para=1.00
    4550 loss=0.04157 nat=0.03955 xling=0.00037 en=0.00367 a=+0.1108 gn=0.02 1.02s/step | para=1.00 degen=0.00
    4575 loss=0.06422 nat=0.06143 xling=0.00061 en=0.00497 a=+0.1112 gn=0.06 1.02s/step | para=1.00
    4600 loss=0.02037 nat=0.01937 xling=0.00026 en=0.00175 a=+0.1113 gn=0.01 1.02s/step | para=1.00
    4625 loss=0.03162 nat=0.02937 xling=0.00052 en=0.00398 a=+0.1111 gn=0.01 1.02s/step | para=1.00
    4650 loss=0.05750 nat=0.05192 xling=0.00090 en=0.01025 a=+0.1112 gn=0.03 1.02s/step | para=1.00 degen=0.00
    4675 loss=0.02835 nat=0.02699 xling=0.00043 en=0.00229 a=+0.1115 gn=0.03 1.02s/step | para=1.00 degen=0.00
    4700 loss=0.03813 nat=0.03565 xling=0.00035 en=0.00460 a=+0.1114 gn=0.05 1.02s/step | para=1.00
    4725 loss=0.03603 nat=0.03452 xling=0.00037 en=0.00266 a=+0.1115 gn=0.01 1.02s/step | para=1.00 degen=0.00
    4750 loss=0.03942 nat=0.03768 xling=0.00032 en=0.00316 a=+0.1113 gn=0.03 1.02s/step | para=1.00
    4775 loss=0.03612 nat=0.03450 xling=0.00037 en=0.00287 a=+0.1114 gn=0.02 1.02s/step | para=1.00
    4800 loss=0.04220 nat=0.04033 xling=0.00040 en=0.00335 a=+0.1117 gn=0.04 1.02s/step | para=1.00
    4825 loss=0.04108 nat=0.03942 xling=0.00066 en=0.00264 a=+0.1114 gn=0.02 1.02s/step | para=1.00
    4850 loss=0.02999 nat=0.02842 xling=0.00049 en=0.00264 a=+0.1114 gn=0.01 1.02s/step | para=1.00
    4875 loss=0.04537 nat=0.04333 xling=0.00055 en=0.00353 a=+0.1119 gn=0.09 1.02s/step | para=1.00 degen=0.00
    4900 loss=0.03676 nat=0.03504 xling=0.00043 en=0.00300 a=+0.1120 gn=0.01 1.02s/step | para=1.00
    4925 loss=0.05906 nat=0.05744 xling=0.00038 en=0.00286 a=+0.1122 gn=0.03 1.02s/step | para=1.00
    4950 loss=0.04071 nat=0.03761 xling=0.00064 en=0.00556 a=+0.1123 gn=0.03 1.02s/step | para=1.00
    4975 loss=0.03830 nat=0.03665 xling=0.00052 en=0.00278 a=+0.1123 gn=0.04 1.02s/step | para=1.00
    5000 loss=0.03805 nat=0.03494 xling=0.00052 en=0.00570 a=+0.1124 gn=0.02 1.02s/step | para=1.00
  [val] step 5000: hi: native=0.03613 rel=+0.65% tiv=7.90e-04
  !! WARNING caption-swap sensitivity below the step-2000 level of Run 1 (+2.0%). The adapter may be ignoring the caption.
    5025 loss=0.02636 nat=0.02450 xling=0.00018 en=0.00354 a=+0.1124 gn=0.02 1.02s/step | para=1.00
    5050 loss=0.06008 nat=0.05754 xling=0.00145 en=0.00366 a=+0.1125 gn=0.10 1.02s/step | para=1.00
    5075 loss=0.03325 nat=0.03058 xling=0.00051 en=0.00485 a=+0.1127 gn=0.01 1.02s/step | para=1.00 degen=0.00
    5100 loss=0.03091 nat=0.02953 xling=0.00028 en=0.00248 a=+0.1124 gn=0.01 1.02s/step | para=1.00
    5125 loss=0.05509 nat=0.05373 xling=0.00032 en=0.00240 a=+0.1126 gn=0.01 1.02s/step | para=1.00
    5150 loss=0.03454 nat=0.03198 xling=0.00061 en=0.00453 a=+0.1124 gn=0.05 1.02s/step | para=1.00
    5175 loss=0.02775 nat=0.02646 xling=0.00036 en=0.00223 a=+0.1123 gn=0.02 1.02s/step | para=0.99 degen=0.01
    5200 loss=0.05999 nat=0.05323 xling=0.00076 en=0.01286 a=+0.1120 gn=0.06 1.02s/step | para=1.00
    5225 loss=0.03568 nat=0.03389 xling=0.00029 en=0.00334 a=+0.1121 gn=0.02 1.02s/step | para=1.00
    5250 loss=0.03066 nat=0.02913 xling=0.00050 en=0.00259 a=+0.1121 gn=0.01 1.02s/step | para=1.00
    5275 loss=0.03764 nat=0.03559 xling=0.00052 en=0.00364 a=+0.1128 gn=0.06 1.02s/step | para=1.00
    5300 loss=0.04851 nat=0.04641 xling=0.00136 en=0.00289 a=+0.1125 gn=0.02 1.02s/step | para=1.00
    5325 loss=0.04602 nat=0.04250 xling=0.00165 en=0.00549 a=+0.1126 gn=0.03 1.02s/step | para=1.00
    5350 loss=0.02478 nat=0.02273 xling=0.00068 en=0.00348 a=+0.1128 gn=0.01 1.02s/step | para=1.00
    5375 loss=0.04945 nat=0.04664 xling=0.00070 en=0.00500 a=+0.1129 gn=0.05 1.02s/step | para=1.00
    5400 loss=0.05114 nat=0.04333 xling=0.00089 en=0.01499 a=+0.1131 gn=0.05 1.02s/step | para=1.00
    5425 loss=0.04192 nat=0.03929 xling=0.00112 en=0.00424 a=+0.1134 gn=0.02 1.02s/step | para=0.99 degen=0.01
    5450 loss=0.04216 nat=0.04031 xling=0.00051 en=0.00325 a=+0.1130 gn=0.02 1.02s/step | para=1.00 degen=0.00
    5475 loss=0.03145 nat=0.02964 xling=0.00057 en=0.00312 a=+0.1130 gn=0.02 1.02s/step | para=1.00
    5500 loss=0.03181 nat=0.03019 xling=0.00044 en=0.00286 a=+0.1133 gn=0.01 1.02s/step | para=1.00
  [val] step 5500: hi: native=0.03610 rel=+0.50% tiv=1.85e-03
  !! WARNING caption-swap sensitivity below the step-2000 level of Run 1 (+2.0%). The adapter may be ignoring the caption.
    5525 loss=0.03290 nat=0.03162 xling=0.00035 en=0.00226 a=+0.1132 gn=0.02 1.02s/step | para=1.00
    5550 loss=0.04519 nat=0.04261 xling=0.00086 en=0.00440 a=+0.1133 gn=0.07 1.02s/step | para=1.00
    5575 loss=0.03054 nat=0.02914 xling=0.00060 en=0.00226 a=+0.1135 gn=0.02 1.02s/step | para=1.00
    5600 loss=0.04204 nat=0.03993 xling=0.00027 en=0.00406 a=+0.1136 gn=0.06 1.02s/step | para=1.00
    5625 loss=0.03759 nat=0.03558 xling=0.00054 en=0.00358 a=+0.1138 gn=0.01 1.02s/step | para=1.00
    5650 loss=0.03825 nat=0.03601 xling=0.00098 en=0.00361 a=+0.1140 gn=0.02 1.02s/step | para=1.00
    5675 loss=0.03330 nat=0.03096 xling=0.00110 en=0.00369 a=+0.1138 gn=0.07 1.02s/step | para=1.00
    5700 loss=0.03172 nat=0.03029 xling=0.00033 en=0.00261 a=+0.1136 gn=0.01 1.02s/step | para=1.00
    5725 loss=0.03305 nat=0.03059 xling=0.00135 en=0.00371 a=+0.1139 gn=0.02 1.02s/step | para=1.00
    5750 loss=0.03193 nat=0.02981 xling=0.00031 en=0.00404 a=+0.1139 gn=0.01 1.02s/step | para=1.00
    5775 loss=0.03459 nat=0.03306 xling=0.00039 en=0.00277 a=+0.1139 gn=0.02 1.02s/step | para=1.00
    5800 loss=0.02967 nat=0.02822 xling=0.00044 en=0.00256 a=+0.1140 gn=0.02 1.02s/step | para=1.00
    5825 loss=0.03950 nat=0.03720 xling=0.00079 en=0.00396 a=+0.1141 gn=0.02 1.02s/step | para=1.00
    5850 loss=0.04120 nat=0.03558 xling=0.00268 en=0.00893 a=+0.1139 gn=0.04 1.02s/step | para=1.00
    5875 loss=0.03607 nat=0.03146 xling=0.00286 en=0.00668 a=+0.1142 gn=0.07 1.02s/step | para=1.00 degen=0.00
    5900 loss=0.04660 nat=0.04473 xling=0.00036 en=0.00352 a=+0.1140 gn=0.03 1.02s/step | para=1.00 degen=0.00
    5925 loss=0.04334 nat=0.04124 xling=0.00045 en=0.00392 a=+0.1135 gn=0.02 1.02s/step | para=1.00
    5950 loss=0.04664 nat=0.04318 xling=0.00073 en=0.00647 a=+0.1139 gn=0.03 1.02s/step | para=1.00
    5975 loss=0.04937 nat=0.04732 xling=0.00035 en=0.00390 a=+0.1142 gn=0.05 1.02s/step | para=1.00
    6000 loss=0.03932 nat=0.03616 xling=0.00063 en=0.00595 a=+0.1143 gn=0.03 1.02s/step | para=1.00
  [val] step 6000: hi: native=0.03590 rel=+1.09% tiv=1.41e-03
  !! WARNING caption-swap sensitivity below the step-2000 level of Run 1 (+2.0%). The adapter may be ignoring the caption.
  !! HF push failed: (Request ID: Root=1-6a9c9c61-59fc0290391562dd675be5a9;415e4d89-7dc2-44ec-ab4c-ac71365d853f)

403 Forbidden: Private repository storage limit reached, please upg
    6025 loss=0.03355 nat=0.03182 xling=0.00041 en=0.00319 a=+0.1142 gn=0.02 1.03s/step | para=1.00
    6050 loss=0.04614 nat=0.04405 xling=0.00056 en=0.00380 a=+0.1148 gn=0.02 1.02s/step | para=1.00
    6075 loss=0.03582 nat=0.03349 xling=0.00058 en=0.00428 a=+0.1149 gn=0.01 1.02s/step | para=1.00 degen=0.00
    6100 loss=0.03364 nat=0.03208 xling=0.00039 en=0.00288 a=+0.1149 gn=0.03 1.02s/step | para=1.00
    6125 loss=0.04431 nat=0.04151 xling=0.00232 en=0.00353 a=+0.1146 gn=0.07 1.02s/step | para=1.00
    6150 loss=0.03850 nat=0.03614 xling=0.00046 en=0.00448 a=+0.1148 gn=0.02 1.02s/step | para=1.00
    6175 loss=0.05692 nat=0.05382 xling=0.00098 en=0.00553 a=+0.1153 gn=0.04 1.02s/step | para=1.00
    6200 loss=0.03220 nat=0.03051 xling=0.00039 en=0.00316 a=+0.1150 gn=0.02 1.02s/step | para=1.00
    6225 loss=0.03316 nat=0.03121 xling=0.00065 en=0.00344 a=+0.1149 gn=0.01 1.02s/step | para=1.00
    6250 loss=0.04125 nat=0.03985 xling=0.00030 en=0.00265 a=+0.1159 gn=0.02 1.02s/step | para=1.00
    6275 loss=0.02821 nat=0.02684 xling=0.00027 en=0.00261 a=+0.1156 gn=0.01 1.02s/step | para=1.00
    6300 loss=0.03990 nat=0.03675 xling=0.00075 en=0.00588 a=+0.1154 gn=0.02 1.02s/step | para=1.00
    6325 loss=0.03783 nat=0.03524 xling=0.00127 en=0.00418 a=+0.1154 gn=0.02 1.02s/step | para=1.00
    6350 loss=0.03468 nat=0.03231 xling=0.00060 en=0.00441 a=+0.1153 gn=0.02 1.02s/step | para=1.00
    6375 loss=0.02967 nat=0.02741 xling=0.00051 en=0.00426 a=+0.1155 gn=0.03 1.02s/step | para=1.00
    6400 loss=0.02650 nat=0.02557 xling=0.00028 en=0.00168 a=+0.1154 gn=0.01 1.02s/step | para=1.00
    6425 loss=0.05573 nat=0.05270 xling=0.00095 en=0.00544 a=+0.1155 gn=0.05 1.02s/step | para=1.00
    6450 loss=0.03754 nat=0.03578 xling=0.00064 en=0.00310 a=+0.1152 gn=0.04 1.02s/step | para=1.00
    6475 loss=0.02786 nat=0.02622 xling=0.00045 en=0.00304 a=+0.1157 gn=0.02 1.02s/step | para=1.00
    6500 loss=0.04809 nat=0.04634 xling=0.00057 en=0.00314 a=+0.1158 gn=0.04 1.02s/step | para=1.00
  [val] step 6500: hi: native=0.03561 rel=+0.57% tiv=1.87e-03
  !! WARNING caption-swap sensitivity below the step-2000 level of Run 1 (+2.0%). The adapter may be ignoring the caption.
    6525 loss=0.02615 nat=0.02451 xling=0.00044 en=0.00303 a=+0.1158 gn=0.02 1.03s/step | para=1.00
    6550 loss=0.03839 nat=0.03608 xling=0.00083 en=0.00410 a=+0.1158 gn=0.04 1.03s/step | para=0.99 degen=0.01
    6575 loss=0.03357 nat=0.03214 xling=0.00037 en=0.00267 a=+0.1161 gn=0.01 1.03s/step | para=1.00
    6600 loss=0.02530 nat=0.02418 xling=0.00025 en=0.00215 a=+0.1160 gn=0.01 1.03s/step | para=1.00 degen=0.00
    6625 loss=0.05662 nat=0.05404 xling=0.00054 en=0.00496 a=+0.1164 gn=0.04 1.03s/step | para=1.00
    6650 loss=0.05396 nat=0.05106 xling=0.00093 en=0.00526 a=+0.1167 gn=0.03 1.03s/step | para=1.00
    6675 loss=0.02539 nat=0.02434 xling=0.00024 en=0.00200 a=+0.1168 gn=0.01 1.03s/step | para=1.00
    6700 loss=0.02939 nat=0.02817 xling=0.00048 en=0.00214 a=+0.1166 gn=0.01 1.03s/step | para=1.00
    6725 loss=0.03500 nat=0.03333 xling=0.00038 en=0.00322 a=+0.1167 gn=0.03 1.03s/step | para=1.00
    6750 loss=0.02963 nat=0.02815 xling=0.00047 en=0.00271 a=+0.1169 gn=0.01 1.03s/step | para=1.00 degen=0.00
    6775 loss=0.04110 nat=0.03971 xling=0.00039 en=0.00260 a=+0.1169 gn=0.05 1.03s/step | para=1.00
    6800 loss=0.03584 nat=0.03383 xling=0.00062 en=0.00370 a=+0.1173 gn=0.02 1.03s/step | para=1.00
    6825 loss=0.04782 nat=0.04408 xling=0.00113 en=0.00691 a=+0.1175 gn=0.06 1.03s/step | para=1.00 degen=0.00
    6850 loss=0.04991 nat=0.04744 xling=0.00046 en=0.00487 a=+0.1176 gn=0.04 1.03s/step | para=1.00
    6875 loss=0.03750 nat=0.03443 xling=0.00142 en=0.00520 a=+0.1176 gn=0.05 1.03s/step | para=1.00 degen=0.00
    6900 loss=0.03512 nat=0.03336 xling=0.00133 en=0.00245 a=+0.1178 gn=0.02 1.03s/step | para=1.00
    6925 loss=0.04181 nat=0.03974 xling=0.00079 en=0.00368 a=+0.1180 gn=0.04 1.03s/step | para=1.00
    6950 loss=0.04605 nat=0.04372 xling=0.00087 en=0.00416 a=+0.1181 gn=0.06 1.03s/step | para=1.00
    6975 loss=0.03202 nat=0.02847 xling=0.00276 en=0.00489 a=+0.1179 gn=0.02 1.03s/step | para=1.00
    7000 loss=0.02897 nat=0.02789 xling=0.00036 en=0.00198 a=+0.1175 gn=0.02 1.03s/step | para=1.00 degen=0.00
  [val] step 7000: hi: native=0.03589 rel=+1.26% tiv=1.62e-03
  !! WARNING caption-swap sensitivity below the step-2000 level of Run 1 (+2.0%). The adapter may be ignoring the caption.
    7025 loss=0.03017 nat=0.02792 xling=0.00043 en=0.00446 a=+0.1177 gn=0.01 1.03s/step | para=1.00
    7050 loss=0.03901 nat=0.03744 xling=0.00047 en=0.00294 a=+0.1175 gn=0.01 1.03s/step | para=1.00 degen=0.00
    7075 loss=0.03897 nat=0.03730 xling=0.00031 en=0.00332 a=+0.1175 gn=0.04 1.03s/step | para=1.00
    7100 loss=0.03235 nat=0.03107 xling=0.00031 en=0.00248 a=+0.1177 gn=0.01 1.03s/step | para=1.00
    7125 loss=0.03143 nat=0.02995 xling=0.00045 en=0.00276 a=+0.1176 gn=0.01 1.03s/step | para=1.00
    7150 loss=0.04621 nat=0.04289 xling=0.00080 en=0.00645 a=+0.1178 gn=0.05 1.03s/step | para=1.00
    7175 loss=0.03405 nat=0.03231 xling=0.00094 en=0.00286 a=+0.1177 gn=0.02 1.03s/step | para=1.00
    7200 loss=0.02513 nat=0.02374 xling=0.00039 en=0.00265 a=+0.1179 gn=0.01 1.03s/step | para=1.00 degen=0.00
    7225 loss=0.05721 nat=0.05312 xling=0.00061 en=0.00838 a=+0.1179 gn=0.03 1.03s/step | para=1.00
    7250 loss=0.02795 nat=0.02670 xling=0.00039 en=0.00235 a=+0.1179 gn=0.01 1.03s/step | para=1.00 degen=0.00
    7275 loss=0.03529 nat=0.03333 xling=0.00142 en=0.00286 a=+0.1182 gn=0.02 1.03s/step | para=1.00
    7300 loss=0.03625 nat=0.03420 xling=0.00073 en=0.00376 a=+0.1180 gn=0.04 1.03s/step | para=1.00
    7325 loss=0.04502 nat=0.04208 xling=0.00270 en=0.00371 a=+0.1177 gn=0.04 1.03s/step | para=0.99 degen=0.01
    7350 loss=0.02546 nat=0.02434 xling=0.00029 en=0.00219 a=+0.1181 gn=0.01 1.03s/step | para=1.00
    7375 loss=0.04921 nat=0.04616 xling=0.00101 en=0.00570 a=+0.1180 gn=0.04 1.03s/step | para=1.00
    7400 loss=0.05024 nat=0.04806 xling=0.00046 en=0.00434 a=+0.1183 gn=0.07 1.03s/step | para=1.00
    7425 loss=0.03669 nat=0.03474 xling=0.00072 en=0.00358 a=+0.1179 gn=0.01 1.03s/step | para=1.00
    7450 loss=0.04393 nat=0.04055 xling=0.00204 en=0.00541 a=+0.1182 gn=0.05 1.03s/step | para=1.00
    7475 loss=0.04786 nat=0.04643 xling=0.00050 en=0.00267 a=+0.1184 gn=0.02 1.03s/step | para=1.00
    7500 loss=0.04699 nat=0.04490 xling=0.00139 en=0.00321 a=+0.1182 gn=0.01 1.03s/step | para=1.00
  [val] step 7500: hi: native=0.03605 rel=+1.22% tiv=1.34e-03
  !! WARNING caption-swap sensitivity below the step-2000 level of Run 1 (+2.0%). The adapter may be ignoring the caption.
    7525 loss=0.02833 nat=0.02676 xling=0.00048 en=0.00299 a=+0.1182 gn=0.02 1.03s/step | para=1.00
    7550 loss=0.03342 nat=0.03193 xling=0.00047 en=0.00283 a=+0.1182 gn=0.01 1.03s/step | para=1.00
    7575 loss=0.04094 nat=0.03935 xling=0.00058 en=0.00295 a=+0.1182 gn=0.04 1.03s/step | para=1.00
    7600 loss=0.02737 nat=0.02481 xling=0.00146 en=0.00420 a=+0.1183 gn=0.02 1.03s/step | para=1.00
    7625 loss=0.02665 nat=0.02531 xling=0.00053 en=0.00245 a=+0.1185 gn=0.01 1.03s/step | para=1.00
    7650 loss=0.05102 nat=0.04823 xling=0.00095 en=0.00524 a=+0.1183 gn=0.05 1.03s/step | para=1.00 degen=0.00
    7675 loss=0.03118 nat=0.02949 xling=0.00060 en=0.00315 a=+0.1184 gn=0.01 1.03s/step | para=1.00
    7700 loss=0.06456 nat=0.06277 xling=0.00101 en=0.00297 a=+0.1181 gn=0.03 1.03s/step | para=1.00
    7725 loss=0.06160 nat=0.05847 xling=0.00151 en=0.00548 a=+0.1184 gn=0.04 1.03s/step | para=1.00
    7750 loss=0.03347 nat=0.03185 xling=0.00063 en=0.00299 a=+0.1184 gn=0.03 1.03s/step | para=1.00
    7775 loss=0.03094 nat=0.02851 xling=0.00078 en=0.00468 a=+0.1183 gn=0.03 1.03s/step | para=1.00
    7800 loss=0.03304 nat=0.03158 xling=0.00042 en=0.00283 a=+0.1185 gn=0.04 1.03s/step | para=1.00
    7825 loss=0.03948 nat=0.03702 xling=0.00036 en=0.00518 a=+0.1184 gn=0.02 1.03s/step | para=1.00
    7850 loss=0.02980 nat=0.02839 xling=0.00039 en=0.00279 a=+0.1185 gn=0.02 1.03s/step | para=1.00 degen=0.00
    7875 loss=0.03855 nat=0.03566 xling=0.00078 en=0.00574 a=+0.1183 gn=0.05 1.03s/step | para=1.00
    7900 loss=0.03686 nat=0.03473 xling=0.00049 en=0.00431 a=+0.1185 gn=0.02 1.03s/step | para=1.00
    7925 loss=0.04382 nat=0.04052 xling=0.00282 en=0.00456 a=+0.1189 gn=0.05 1.03s/step | para=1.00
    7950 loss=0.07772 nat=0.07554 xling=0.00097 en=0.00395 a=+0.1189 gn=0.03 1.03s/step | para=1.00
    7975 loss=0.03074 nat=0.02873 xling=0.00048 en=0.00408 a=+0.1193 gn=0.03 1.03s/step | para=1.00
    8000 loss=0.04516 nat=0.04179 xling=0.00227 en=0.00533 a=+0.1198 gn=0.07 1.03s/step | para=1.00
  [val] step 8000: hi: native=0.03579 rel=+0.83% tiv=1.86e-03
  !! WARNING caption-swap sensitivity below the step-2000 level of Run 1 (+2.0%). The adapter may be ignoring the caption.
  !! HF push failed: (Request ID: Root=1-6a9ca46c-4ea9a6503b1545ac338c010c;5b53917f-7d64-4156-b39b-6981013d11de)

403 Forbidden: Private repository storage limit reached, please upg
    8025 loss=0.04013 nat=0.03778 xling=0.00098 en=0.00432 a=+0.1195 gn=0.03 1.03s/step | para=1.00
    8050 loss=0.04613 nat=0.04345 xling=0.00131 en=0.00475 a=+0.1198 gn=0.04 1.03s/step | para=1.00
    8075 loss=0.03386 nat=0.03221 xling=0.00033 en=0.00341 a=+0.1196 gn=0.02 1.03s/step | para=1.00 degen=0.00
    8100 loss=0.03365 nat=0.03161 xling=0.00083 en=0.00381 a=+0.1198 gn=0.02 1.03s/step | para=1.00
    8125 loss=0.03861 nat=0.03683 xling=0.00070 en=0.00334 a=+0.1198 gn=0.02 1.03s/step | para=1.00
    8150 loss=0.02909 nat=0.02738 xling=0.00069 en=0.00320 a=+0.1199 gn=0.03 1.03s/step | para=1.00
    8175 loss=0.03237 nat=0.03113 xling=0.00037 en=0.00245 a=+0.1201 gn=0.01 1.03s/step | para=1.00
    8200 loss=0.03863 nat=0.03655 xling=0.00109 en=0.00364 a=+0.1202 gn=0.02 1.03s/step | para=1.00
    8225 loss=0.03101 nat=0.02973 xling=0.00038 en=0.00253 a=+0.1204 gn=0.02 1.03s/step | para=1.00 degen=0.00
    8250 loss=0.02874 nat=0.02713 xling=0.00051 en=0.00319 a=+0.1203 gn=0.01 1.03s/step | para=1.00
    8275 loss=0.03046 nat=0.02871 xling=0.00063 en=0.00336 a=+0.1208 gn=0.02 1.03s/step | para=1.00
    8300 loss=0.04222 nat=0.04044 xling=0.00071 en=0.00338 a=+0.1205 gn=0.02 1.03s/step | para=1.00
    8325 loss=0.03002 nat=0.02882 xling=0.00042 en=0.00233 a=+0.1201 gn=0.01 1.03s/step | para=1.00
    8350 loss=0.04694 nat=0.04468 xling=0.00094 en=0.00426 a=+0.1202 gn=0.05 1.03s/step | para=1.00
    8375 loss=0.03305 nat=0.03081 xling=0.00120 en=0.00394 a=+0.1205 gn=0.01 1.03s/step | para=1.00
    8400 loss=0.02618 nat=0.02425 xling=0.00105 en=0.00337 a=+0.1209 gn=0.01 1.03s/step | para=1.00
    8425 loss=0.04405 nat=0.04195 xling=0.00093 en=0.00389 a=+0.1208 gn=0.06 1.03s/step | para=1.00
    8450 loss=0.02884 nat=0.02732 xling=0.00051 en=0.00300 a=+0.1210 gn=0.01 1.03s/step | para=1.00
    8475 loss=0.03596 nat=0.03444 xling=0.00087 en=0.00262 a=+0.1206 gn=0.02 1.03s/step | para=1.00
    8500 loss=0.02395 nat=0.02276 xling=0.00037 en=0.00238 a=+0.1209 gn=0.01 1.03s/step | para=1.00
  [val] step 8500: hi: native=0.03531 rel=+1.82% tiv=1.49e-03
  !! WARNING caption-swap sensitivity below the step-2000 level of Run 1 (+2.0%). The adapter may be ignoring the caption.
    8525 loss=0.03279 nat=0.03078 xling=0.00040 en=0.00425 a=+0.1208 gn=0.01 1.03s/step | para=1.00
    8550 loss=0.03928 nat=0.03721 xling=0.00108 en=0.00371 a=+0.1207 gn=0.05 1.03s/step | para=1.00
    8575 loss=0.03982 nat=0.03795 xling=0.00084 en=0.00348 a=+0.1209 gn=0.04 1.03s/step | para=1.00
    8600 loss=0.02165 nat=0.02094 xling=0.00020 en=0.00146 a=+0.1210 gn=0.00 1.03s/step | para=1.00
    8625 loss=0.05228 nat=0.05059 xling=0.00067 en=0.00324 a=+0.1215 gn=0.03 1.03s/step | para=1.00
    8650 loss=0.04005 nat=0.03794 xling=0.00046 en=0.00447 a=+0.1218 gn=0.02 1.03s/step | para=1.00 degen=0.00
    8675 loss=0.03410 nat=0.03219 xling=0.00093 en=0.00353 a=+0.1219 gn=0.02 1.03s/step | para=1.00
    8700 loss=0.03997 nat=0.03841 xling=0.00046 en=0.00317 a=+0.1214 gn=0.02 1.03s/step | para=1.00 degen=0.00
    8725 loss=0.04351 nat=0.04085 xling=0.00099 en=0.00524 a=+0.1218 gn=0.02 1.03s/step | para=1.00
    8750 loss=0.03973 nat=0.03776 xling=0.00094 en=0.00366 a=+0.1217 gn=0.04 1.03s/step | para=1.00
    8775 loss=0.03547 nat=0.03378 xling=0.00063 en=0.00333 a=+0.1220 gn=0.05 1.03s/step | para=1.00
    8800 loss=0.04688 nat=0.04384 xling=0.00102 en=0.00611 a=+0.1218 gn=0.04 1.03s/step | para=1.00
    8825 loss=0.03553 nat=0.03300 xling=0.00151 en=0.00441 a=+0.1219 gn=0.04 1.03s/step | para=1.00
    8850 loss=0.03563 nat=0.03395 xling=0.00063 en=0.00330 a=+0.1222 gn=0.01 1.03s/step | para=1.00
    8875 loss=0.05568 nat=0.05368 xling=0.00068 en=0.00401 a=+0.1225 gn=0.02 1.03s/step | para=1.00
    8900 loss=0.02792 nat=0.02604 xling=0.00048 en=0.00395 a=+0.1225 gn=0.01 1.03s/step | para=1.00
    8925 loss=0.03923 nat=0.03676 xling=0.00122 en=0.00458 a=+0.1226 gn=0.02 1.03s/step | para=1.00
    8950 loss=0.04926 nat=0.04724 xling=0.00062 en=0.00415 a=+0.1226 gn=0.02 1.03s/step | para=1.00
    8975 loss=0.02570 nat=0.02426 xling=0.00087 en=0.00252 a=+0.1223 gn=0.02 1.03s/step | para=1.00
    9000 loss=0.03495 nat=0.03284 xling=0.00056 en=0.00444 a=+0.1224 gn=0.01 1.03s/step | para=1.00 degen=0.00
  [val] step 9000: hi: native=0.03525 rel=+3.55% tiv=1.52e-03
    9025 loss=0.03515 nat=0.03374 xling=0.00040 en=0.00296 a=+0.1225 gn=0.02 1.03s/step | para=1.00
    9050 loss=0.05000 nat=0.04787 xling=0.00099 en=0.00403 a=+0.1225 gn=0.06 1.03s/step | para=1.00
    9075 loss=0.03445 nat=0.03184 xling=0.00039 en=0.00582 a=+0.1224 gn=0.01 1.03s/step | para=1.00
    9100 loss=0.03470 nat=0.03331 xling=0.00052 en=0.00279 a=+0.1224 gn=0.03 1.03s/step | para=1.00
    9125 loss=0.02760 nat=0.02638 xling=0.00036 en=0.00254 a=+0.1226 gn=0.03 1.03s/step | para=1.00
    9150 loss=0.05077 nat=0.04868 xling=0.00082 en=0.00416 a=+0.1228 gn=0.03 1.03s/step | para=1.00
    9175 loss=0.03113 nat=0.02953 xling=0.00106 en=0.00274 a=+0.1228 gn=0.02 1.03s/step | para=1.00
    9200 loss=0.03355 nat=0.03194 xling=0.00063 en=0.00319 a=+0.1230 gn=0.01 1.03s/step | para=1.00
    9225 loss=0.04382 nat=0.04081 xling=0.00233 en=0.00479 a=+0.1229 gn=0.08 1.03s/step | para=1.00
    9250 loss=0.03588 nat=0.03359 xling=0.00075 en=0.00472 a=+0.1236 gn=0.02 1.03s/step | para=1.00
    9275 loss=0.03432 nat=0.03278 xling=0.00051 en=0.00319 a=+0.1233 gn=0.01 1.03s/step | para=1.00
    9300 loss=0.05359 nat=0.05109 xling=0.00045 en=0.00557 a=+0.1234 gn=0.04 1.03s/step | para=1.00
    9325 loss=0.04435 nat=0.04203 xling=0.00064 en=0.00492 a=+0.1235 gn=0.06 1.03s/step | para=1.00
    9350 loss=0.02677 nat=0.02558 xling=0.00063 en=0.00221 a=+0.1235 gn=0.01 1.03s/step | para=1.00
    9375 loss=0.04149 nat=0.03906 xling=0.00153 en=0.00428 a=+0.1234 gn=0.05 1.03s/step | para=1.00
    9400 loss=0.03106 nat=0.02926 xling=0.00114 en=0.00318 a=+0.1235 gn=0.02 1.03s/step | para=1.00
    9425 loss=0.02970 nat=0.02788 xling=0.00042 en=0.00396 a=+0.1237 gn=0.03 1.03s/step | para=1.00 degen=0.00
    9450 loss=0.04558 nat=0.04327 xling=0.00119 en=0.00436 a=+0.1234 gn=0.03 1.03s/step | para=1.00
    9475 loss=0.02743 nat=0.02615 xling=0.00063 en=0.00244 a=+0.1237 gn=0.02 1.03s/step | para=1.00
    9500 loss=0.03859 nat=0.03653 xling=0.00135 en=0.00359 a=+0.1235 gn=0.03 1.03s/step | para=1.00
  [val] step 9500: hi: native=0.03532 rel=+2.11% tiv=1.32e-03
    9525 loss=0.03374 nat=0.03234 xling=0.00071 en=0.00266 a=+0.1241 gn=0.01 1.03s/step | para=1.00
    9550 loss=0.03393 nat=0.03131 xling=0.00087 en=0.00550 a=+0.1239 gn=0.02 1.03s/step | para=1.00
    9575 loss=0.03858 nat=0.03622 xling=0.00122 en=0.00448 a=+0.1240 gn=0.06 1.03s/step | para=1.00
    9600 loss=0.02549 nat=0.02432 xling=0.00042 en=0.00242 a=+0.1242 gn=0.01 1.03s/step | para=1.00
    9625 loss=0.02703 nat=0.02508 xling=0.00048 en=0.00426 a=+0.1244 gn=0.03 1.03s/step | para=1.00
    9650 loss=0.05014 nat=0.04543 xling=0.00436 en=0.00696 a=+0.1241 gn=0.07 1.03s/step | para=1.00
    9675 loss=0.03183 nat=0.02882 xling=0.00141 en=0.00591 a=+0.1241 gn=0.03 1.03s/step | para=1.00
    9700 loss=0.03660 nat=0.03509 xling=0.00045 en=0.00325 a=+0.1239 gn=0.05 1.03s/step | para=1.00 degen=0.00
    9725 loss=0.05032 nat=0.04806 xling=0.00061 en=0.00492 a=+0.1242 gn=0.02 1.03s/step | para=1.00
    9750 loss=0.02957 nat=0.02792 xling=0.00044 en=0.00363 a=+0.1242 gn=0.01 1.03s/step | para=1.00 degen=0.00
    9775 loss=0.03860 nat=0.03629 xling=0.00093 en=0.00472 a=+0.1246 gn=0.05 1.03s/step | para=1.00
    9800 loss=0.03019 nat=0.02856 xling=0.00059 en=0.00343 a=+0.1247 gn=0.01 1.03s/step | para=1.00
    9825 loss=0.03714 nat=0.03580 xling=0.00060 en=0.00268 a=+0.1245 gn=0.02 1.03s/step | para=1.00
    9850 loss=0.03489 nat=0.03334 xling=0.00044 en=0.00338 a=+0.1244 gn=0.04 1.03s/step | para=1.00
    9875 loss=0.04901 nat=0.04717 xling=0.00057 en=0.00395 a=+0.1244 gn=0.07 1.03s/step | para=1.00
    9900 loss=0.03676 nat=0.03465 xling=0.00046 en=0.00476 a=+0.1245 gn=0.03 1.03s/step | para=1.00 degen=0.00
    9925 loss=0.03578 nat=0.03297 xling=0.00093 en=0.00601 a=+0.1245 gn=0.02 1.03s/step | para=1.00
    9950 loss=0.07305 nat=0.07097 xling=0.00091 en=0.00423 a=+0.1244 gn=0.04 1.03s/step | para=1.00
    9975 loss=0.03266 nat=0.03119 xling=0.00063 en=0.00298 a=+0.1242 gn=0.02 1.03s/step | para=1.00
   10000 loss=0.03498 nat=0.03303 xling=0.00136 en=0.00344 a=+0.1242 gn=0.01 1.03s/step | para=1.00
  [val] step 10000: hi: native=0.03515 rel=+3.12% tiv=1.30e-03
  !! HF push failed: (Request ID: Root=1-6a9cac7c-1ebb630f2a41c00f34fbc367;fdf034dc-508d-432d-bd4f-1ca2b05d16c7)

403 Forbidden: Private repository storage limit reached, please upg
   10025 loss=0.03259 nat=0.03099 xling=0.00079 en=0.00319 a=+0.1244 gn=0.05 1.03s/step | para=1.00
   10050 loss=0.03290 nat=0.03044 xling=0.00067 en=0.00544 a=+0.1243 gn=0.03 1.03s/step | para=1.00
   10075 loss=0.03387 nat=0.03206 xling=0.00066 en=0.00384 a=+0.1250 gn=0.02 1.03s/step | para=1.00 degen=0.00
   10100 loss=0.03806 nat=0.03613 xling=0.00069 en=0.00411 a=+0.1249 gn=0.07 1.03s/step | para=1.00
   10125 loss=0.07649 nat=0.07365 xling=0.00089 en=0.00621 a=+0.1249 gn=0.10 1.03s/step | para=1.00 degen=0.00
   10150 loss=0.02984 nat=0.02837 xling=0.00078 en=0.00287 a=+0.1251 gn=0.02 1.03s/step | para=1.00
   10175 loss=0.04410 nat=0.04193 xling=0.00087 en=0.00456 a=+0.1254 gn=0.03 1.03s/step | para=1.00 degen=0.00
   10200 loss=0.03685 nat=0.03497 xling=0.00082 en=0.00389 a=+0.1255 gn=0.03 1.03s/step | para=1.00
   10225 loss=0.04400 nat=0.04018 xling=0.00115 en=0.00842 a=+0.1255 gn=0.04 1.03s/step | para=1.00
   10250 loss=0.02827 nat=0.02711 xling=0.00034 en=0.00259 a=+0.1255 gn=0.01 1.03s/step | para=1.00
   10275 loss=0.03195 nat=0.03048 xling=0.00083 en=0.00284 a=+0.1258 gn=0.02 1.03s/step | para=1.00
   10300 loss=0.03810 nat=0.03582 xling=0.00071 en=0.00502 a=+0.1261 gn=0.04 1.03s/step | para=1.00
   10325 loss=0.04041 nat=0.03848 xling=0.00072 en=0.00415 a=+0.1258 gn=0.04 1.03s/step | para=1.00
   10350 loss=0.03987 nat=0.03651 xling=0.00160 en=0.00684 a=+0.1256 gn=0.04 1.03s/step | para=1.00
   10375 loss=0.04336 nat=0.04170 xling=0.00046 en=0.00374 a=+0.1258 gn=0.02 1.03s/step | para=1.00
   10400 loss=0.02390 nat=0.02265 xling=0.00048 en=0.00267 a=+0.1259 gn=0.01 1.03s/step | para=1.00 degen=0.00
   10425 loss=0.04508 nat=0.04320 xling=0.00084 en=0.00391 a=+0.1259 gn=0.02 1.03s/step | para=1.00
   10450 loss=0.03444 nat=0.03290 xling=0.00105 en=0.00283 a=+0.1260 gn=0.03 1.03s/step | para=1.00
   10475 loss=0.06211 nat=0.05997 xling=0.00041 en=0.00504 a=+0.1257 gn=0.02 1.03s/step | para=1.00
   10500 loss=0.02756 nat=0.02606 xling=0.00035 en=0.00348 a=+0.1258 gn=0.04 1.03s/step | para=1.00 degen=0.00
  [val] step 10500: hi: native=0.03498 rel=+4.14% tiv=1.58e-03
   10525 loss=0.02950 nat=0.02810 xling=0.00048 en=0.00310 a=+0.1259 gn=0.01 1.03s/step | para=1.00
   10550 loss=0.04317 nat=0.03994 xling=0.00085 en=0.00738 a=+0.1259 gn=0.05 1.03s/step | para=1.00
   10575 loss=0.03287 nat=0.03135 xling=0.00067 en=0.00318 a=+0.1260 gn=0.02 1.03s/step | para=1.00 degen=0.00
   10600 loss=0.02266 nat=0.02168 xling=0.00026 en=0.00225 a=+0.1262 gn=0.01 1.03s/step | para=1.00
   10625 loss=0.03387 nat=0.03239 xling=0.00055 en=0.00323 a=+0.1263 gn=0.03 1.03s/step | para=1.00
   10650 loss=0.05058 nat=0.04844 xling=0.00056 en=0.00493 a=+0.1264 gn=0.07 1.03s/step | para=1.00
   10675 loss=0.03660 nat=0.03498 xling=0.00062 en=0.00353 a=+0.1262 gn=0.03 1.03s/step | para=0.99 degen=0.01
   10700 loss=0.03100 nat=0.02953 xling=0.00044 en=0.00334 a=+0.1265 gn=0.02 1.03s/step | para=1.00
   10725 loss=0.03201 nat=0.03073 xling=0.00067 en=0.00261 a=+0.1264 gn=0.01 1.03s/step | para=1.00
   10750 loss=0.03085 nat=0.02957 xling=0.00046 en=0.00284 a=+0.1266 gn=0.02 1.03s/step | para=1.00
   10775 loss=0.02776 nat=0.02620 xling=0.00045 en=0.00359 a=+0.1263 gn=0.03 1.03s/step | para=1.00 degen=0.00
   10800 loss=0.03149 nat=0.02991 xling=0.00064 en=0.00341 a=+0.1263 gn=0.01 1.03s/step | para=1.00
   10825 loss=0.04197 nat=0.04013 xling=0.00093 en=0.00379 a=+0.1262 gn=0.03 1.03s/step | para=1.00
   10850 loss=0.03798 nat=0.03653 xling=0.00092 en=0.00277 a=+0.1262 gn=0.04 1.03s/step | para=1.00
   10875 loss=0.05377 nat=0.05207 xling=0.00065 en=0.00375 a=+0.1263 gn=0.02 1.03s/step | para=1.00
   10900 loss=0.03645 nat=0.03533 xling=0.00042 en=0.00249 a=+0.1263 gn=0.02 1.03s/step | para=1.00
   10925 loss=0.03816 nat=0.03510 xling=0.00055 en=0.00744 a=+0.1263 gn=0.04 1.03s/step | para=1.00
   10950 loss=0.03705 nat=0.03385 xling=0.00130 en=0.00699 a=+0.1263 gn=0.02 1.03s/step | para=1.00
   10975 loss=0.02636 nat=0.02525 xling=0.00065 en=0.00221 a=+0.1264 gn=0.02 1.03s/step | para=1.00
   11000 loss=0.03135 nat=0.02927 xling=0.00139 en=0.00397 a=+0.1268 gn=0.03 1.03s/step | para=1.00
  [val] step 11000: hi: native=0.03446 rel=+4.48% tiv=2.03e-03
   11025 loss=0.02779 nat=0.02680 xling=0.00033 en=0.00227 a=+0.1265 gn=0.01 1.03s/step | para=1.00
   11050 loss=0.04598 nat=0.04410 xling=0.00137 en=0.00350 a=+0.1269 gn=0.05 1.03s/step | para=1.00
   11075 loss=0.03245 nat=0.03121 xling=0.00064 en=0.00259 a=+0.1270 gn=0.03 1.03s/step | para=1.00
   11100 loss=0.03044 nat=0.02451 xling=0.00139 en=0.01419 a=+0.1268 gn=0.02 1.03s/step | para=1.00 degen=0.00
   11125 loss=0.03361 nat=0.03188 xling=0.00083 en=0.00368 a=+0.1270 gn=0.04 1.03s/step | para=1.00
   11150 loss=0.07121 nat=0.06808 xling=0.00130 en=0.00691 a=+0.1269 gn=0.10 1.03s/step | para=1.00
   11175 loss=0.05010 nat=0.04830 xling=0.00112 en=0.00359 a=+0.1272 gn=0.04 1.03s/step | para=1.00 degen=0.00
   11200 loss=0.03637 nat=0.03514 xling=0.00061 en=0.00261 a=+0.1272 gn=0.04 1.03s/step | para=1.00
   11225 loss=0.04981 nat=0.04828 xling=0.00053 en=0.00351 a=+0.1272 gn=0.03 1.03s/step | para=1.00
   11250 loss=0.04344 nat=0.04171 xling=0.00106 en=0.00345 a=+0.1270 gn=0.02 1.03s/step | para=1.00
   11275 loss=0.04201 nat=0.04020 xling=0.00068 en=0.00408 a=+0.1271 gn=0.02 1.03s/step | para=1.00 degen=0.00
   11300 loss=0.03940 nat=0.03756 xling=0.00097 en=0.00386 a=+0.1273 gn=0.02 1.03s/step | para=1.00
   11325 loss=0.04469 nat=0.04242 xling=0.00110 en=0.00488 a=+0.1274 gn=0.04 1.03s/step | para=1.00 degen=0.00
   11350 loss=0.03717 nat=0.03586 xling=0.00066 en=0.00279 a=+0.1275 gn=0.03 1.03s/step | para=1.00
   11375 loss=0.04928 nat=0.04363 xling=0.00861 en=0.00583 a=+0.1275 gn=0.05 1.03s/step | para=1.00
   11400 loss=0.04872 nat=0.04544 xling=0.00085 en=0.00787 a=+0.1278 gn=0.04 1.03s/step | para=1.00
   11425 loss=0.05194 nat=0.04974 xling=0.00083 en=0.00502 a=+0.1280 gn=0.03 1.03s/step | para=1.00
   11450 loss=0.05210 nat=0.04965 xling=0.00136 en=0.00512 a=+0.1280 gn=0.07 1.03s/step | para=1.00
   11475 loss=0.04820 nat=0.04566 xling=0.00107 en=0.00570 a=+0.1283 gn=0.03 1.03s/step | para=1.00
   11500 loss=0.03435 nat=0.03292 xling=0.00047 en=0.00336 a=+0.1282 gn=0.01 1.03s/step | para=1.00
  [val] step 11500: hi: native=0.03427 rel=+4.94% tiv=1.30e-03
   11525 loss=0.03414 nat=0.03252 xling=0.00049 en=0.00384 a=+0.1283 gn=0.03 1.03s/step | para=1.00
   11550 loss=0.03140 nat=0.02865 xling=0.00173 en=0.00556 a=+0.1286 gn=0.05 1.03s/step | para=1.00
   11575 loss=0.02989 nat=0.02813 xling=0.00038 en=0.00436 a=+0.1288 gn=0.01 1.03s/step | para=1.00
   11600 loss=0.02495 nat=0.02320 xling=0.00171 en=0.00289 a=+0.1290 gn=0.02 1.03s/step | para=1.00
   11625 loss=0.02674 nat=0.02519 xling=0.00070 en=0.00347 a=+0.1290 gn=0.01 1.03s/step | para=1.00
   11650 loss=0.04051 nat=0.03830 xling=0.00108 en=0.00485 a=+0.1292 gn=0.04 1.03s/step | para=1.00
   11675 loss=0.04726 nat=0.04547 xling=0.00148 en=0.00329 a=+0.1291 gn=0.05 1.03s/step | para=1.00
   11700 loss=0.02767 nat=0.02643 xling=0.00036 en=0.00300 a=+0.1290 gn=0.01 1.03s/step | para=1.00 degen=0.00
   11725 loss=0.04603 nat=0.04433 xling=0.00111 en=0.00344 a=+0.1290 gn=0.02 1.03s/step | para=1.00
   11750 loss=0.03886 nat=0.03739 xling=0.00059 en=0.00337 a=+0.1290 gn=0.03 1.03s/step | para=1.00
   11775 loss=0.03556 nat=0.03271 xling=0.00086 en=0.00687 a=+0.1292 gn=0.04 1.03s/step | para=1.00
   11800 loss=0.03270 nat=0.03102 xling=0.00117 en=0.00334 a=+0.1288 gn=0.02 1.03s/step | para=1.00
   11825 loss=0.03089 nat=0.02946 xling=0.00069 en=0.00318 a=+0.1293 gn=0.02 1.03s/step | para=1.00 degen=0.00
   11850 loss=0.03263 nat=0.03053 xling=0.00038 en=0.00540 a=+0.1291 gn=0.01 1.03s/step | para=1.00 degen=0.00
   11875 loss=0.04114 nat=0.03922 xling=0.00064 en=0.00460 a=+0.1289 gn=0.04 1.03s/step | para=1.00 degen=0.00
   11900 loss=0.03108 nat=0.02957 xling=0.00101 en=0.00307 a=+0.1291 gn=0.04 1.03s/step | para=1.00 degen=0.00
   11925 loss=0.04464 nat=0.04250 xling=0.00086 en=0.00500 a=+0.1291 gn=0.02 1.03s/step | para=1.00 degen=0.00
   11950 loss=0.03788 nat=0.03557 xling=0.00086 en=0.00547 a=+0.1291 gn=0.05 1.03s/step | para=1.00
   11975 loss=0.06359 nat=0.06001 xling=0.00296 en=0.00667 a=+0.1292 gn=0.09 1.03s/step | para=1.00
   12000 loss=0.04186 nat=0.04020 xling=0.00076 en=0.00378 a=+0.1292 gn=0.05 1.03s/step | para=1.00
  [val] step 12000: hi: native=0.03478 rel=+3.16% tiv=1.40e-03
  !! HF push failed: (Request ID: Root=1-6a9cb48e-0dbe1a516f6b68bc6516dbc3;efdb8374-7f46-4676-8c24-b59ef0341175)

403 Forbidden: Private repository storage limit reached, please upg
   12025 loss=0.03709 nat=0.03457 xling=0.00049 en=0.00647 a=+0.1296 gn=0.04 1.03s/step | para=1.00 degen=0.00
   12050 loss=0.05197 nat=0.04966 xling=0.00138 en=0.00492 a=+0.1297 gn=0.04 1.03s/step | para=1.00
   12075 loss=0.03558 nat=0.03345 xling=0.00084 en=0.00501 a=+0.1294 gn=0.07 1.03s/step | para=1.00
   12100 loss=0.03279 nat=0.03141 xling=0.00082 en=0.00297 a=+0.1296 gn=0.01 1.03s/step | para=1.00 degen=0.00
   12125 loss=0.03758 nat=0.03253 xling=0.00690 en=0.00654 a=+0.1297 gn=0.02 1.03s/step | para=1.00
   12150 loss=0.03324 nat=0.03190 xling=0.00043 en=0.00327 a=+0.1299 gn=0.03 1.03s/step | para=1.00
   12175 loss=0.03930 nat=0.03665 xling=0.00068 en=0.00668 a=+0.1304 gn=0.02 1.03s/step | para=1.00
   12200 loss=0.03520 nat=0.03360 xling=0.00069 en=0.00372 a=+0.1303 gn=0.03 1.03s/step | para=1.00
   12225 loss=0.04340 nat=0.04131 xling=0.00095 en=0.00484 a=+0.1304 gn=0.03 1.03s/step | para=1.00
   12250 loss=0.02687 nat=0.02606 xling=0.00035 en=0.00190 a=+0.1303 gn=0.01 1.03s/step | para=1.00
   12275 loss=0.02626 nat=0.02504 xling=0.00055 en=0.00283 a=+0.1304 gn=0.02 1.03s/step | para=1.00
   12300 loss=0.05001 nat=0.04832 xling=0.00072 en=0.00397 a=+0.1304 gn=0.03 1.03s/step | para=1.00
   12325 loss=0.04335 nat=0.04146 xling=0.00065 en=0.00463 a=+0.1307 gn=0.04 1.03s/step | para=1.00 degen=0.00
   12350 loss=0.02634 nat=0.02483 xling=0.00092 en=0.00325 a=+0.1307 gn=0.01 1.03s/step | para=1.00
   12375 loss=0.03331 nat=0.03043 xling=0.00050 en=0.00760 a=+0.1309 gn=0.02 1.03s/step | para=1.00
   12400 loss=0.02577 nat=0.02438 xling=0.00053 en=0.00338 a=+0.1310 gn=0.01 1.03s/step | para=1.00
   12425 loss=0.05370 nat=0.05138 xling=0.00110 en=0.00538 a=+0.1307 gn=0.07 1.03s/step | para=1.00 degen=0.00
   12450 loss=0.02723 nat=0.02609 xling=0.00045 en=0.00276 a=+0.1308 gn=0.02 1.03s/step | para=1.00
   12475 loss=0.04592 nat=0.04421 xling=0.00137 en=0.00334 a=+0.1303 gn=0.04 1.03s/step | para=1.00
   12500 loss=0.03177 nat=0.03034 xling=0.00084 en=0.00316 a=+0.1301 gn=0.02 1.03s/step | para=1.00 degen=0.00
  [val] step 12500: hi: native=0.03494 rel=+3.55% tiv=2.31e-03
   12525 loss=0.03357 nat=0.03226 xling=0.00056 en=0.00313 a=+0.1298 gn=0.02 1.03s/step | para=1.00 degen=0.00
   12550 loss=0.03237 nat=0.03062 xling=0.00076 en=0.00417 a=+0.1302 gn=0.03 1.03s/step | para=1.00
   12575 loss=0.02949 nat=0.02759 xling=0.00077 en=0.00461 a=+0.1302 gn=0.01 1.03s/step | para=1.00
   12600 loss=0.02600 nat=0.02481 xling=0.00032 en=0.00308 a=+0.1305 gn=0.03 1.03s/step | para=1.00
   12625 loss=0.02676 nat=0.02522 xling=0.00065 en=0.00372 a=+0.1307 gn=0.01 1.03s/step | para=1.00
   12650 loss=0.04243 nat=0.04006 xling=0.00148 en=0.00516 a=+0.1309 gn=0.06 1.03s/step | para=1.00
   12675 loss=0.02713 nat=0.02551 xling=0.00046 en=0.00417 a=+0.1307 gn=0.03 1.03s/step | para=1.00 degen=0.00
   12700 loss=0.04737 nat=0.04446 xling=0.00095 en=0.00733 a=+0.1310 gn=0.05 1.03s/step | para=1.00
   12725 loss=0.07092 nat=0.06823 xling=0.00088 en=0.00680 a=+0.1311 gn=0.13 1.03s/step | para=1.00
   12750 loss=0.02778 nat=0.02623 xling=0.00077 en=0.00362 a=+0.1309 gn=0.03 1.03s/step | para=1.00
   12775 loss=0.02440 nat=0.02297 xling=0.00096 en=0.00309 a=+0.1309 gn=0.01 1.03s/step | para=1.00
   12800 loss=0.03065 nat=0.02936 xling=0.00064 en=0.00304 a=+0.1309 gn=0.02 1.03s/step | para=1.00
   12825 loss=0.04135 nat=0.03936 xling=0.00082 en=0.00488 a=+0.1309 gn=0.05 1.03s/step | para=1.00
   12850 loss=0.02922 nat=0.02826 xling=0.00033 en=0.00242 a=+0.1310 gn=0.01 1.03s/step | para=1.00
   12875 loss=0.04228 nat=0.03891 xling=0.00088 en=0.00885 a=+0.1309 gn=0.05 1.03s/step | para=1.00
   12900 loss=0.03660 nat=0.03488 xling=0.00069 en=0.00424 a=+0.1308 gn=0.02 1.03s/step | para=1.00
   12925 loss=0.04736 nat=0.04563 xling=0.00083 en=0.00415 a=+0.1310 gn=0.05 1.03s/step | para=1.00
   12950 loss=0.03771 nat=0.03512 xling=0.00092 en=0.00655 a=+0.1310 gn=0.02 1.03s/step | para=1.00 degen=0.00
   12975 loss=0.03761 nat=0.03607 xling=0.00074 en=0.00367 a=+0.1311 gn=0.02 1.03s/step | para=1.00
   13000 loss=0.03701 nat=0.03567 xling=0.00075 en=0.00311 a=+0.1312 gn=0.01 1.03s/step | para=1.00 degen=0.00
  [val] step 13000: hi: native=0.03458 rel=+4.50% tiv=2.05e-03
   13025 loss=0.03079 nat=0.02947 xling=0.00069 en=0.00312 a=+0.1311 gn=0.02 1.03s/step | para=1.00
   13050 loss=0.03500 nat=0.03377 xling=0.00067 en=0.00291 a=+0.1313 gn=0.02 1.03s/step | para=1.00
   13075 loss=0.03227 nat=0.03110 xling=0.00048 en=0.00292 a=+0.1313 gn=0.01 1.03s/step | para=1.00
   13100 loss=0.03005 nat=0.02894 xling=0.00066 en=0.00254 a=+0.1313 gn=0.02 1.03s/step | para=1.00
   13125 loss=0.02710 nat=0.02587 xling=0.00061 en=0.00295 a=+0.1314 gn=0.01 1.03s/step | para=1.00
   13150 loss=0.04547 nat=0.04387 xling=0.00073 en=0.00394 a=+0.1313 gn=0.03 1.03s/step | para=1.00
   13175 loss=0.04756 nat=0.04602 xling=0.00072 en=0.00376 a=+0.1315 gn=0.04 1.03s/step | para=1.00 degen=0.00
   13200 loss=0.02613 nat=0.02519 xling=0.00036 en=0.00240 a=+0.1315 gn=0.02 1.03s/step | para=1.00
   13225 loss=0.05221 nat=0.05078 xling=0.00069 en=0.00350 a=+0.1315 gn=0.03 1.03s/step | para=1.00
   13250 loss=0.02732 nat=0.02621 xling=0.00041 en=0.00288 a=+0.1315 gn=0.01 1.03s/step | para=1.00
   13275 loss=0.03928 nat=0.03742 xling=0.00095 en=0.00450 a=+0.1317 gn=0.04 1.03s/step | para=1.00
   13300 loss=0.04748 nat=0.04613 xling=0.00055 en=0.00342 a=+0.1317 gn=0.03 1.03s/step | para=1.00
   13325 loss=0.04464 nat=0.04329 xling=0.00063 en=0.00333 a=+0.1317 gn=0.06 1.03s/step | para=1.00
   13350 loss=0.02807 nat=0.02645 xling=0.00165 en=0.00302 a=+0.1318 gn=0.04 1.03s/step | para=1.00
   13375 loss=0.04111 nat=0.03716 xling=0.00146 en=0.01025 a=+0.1319 gn=0.02 1.03s/step | para=1.00
   13400 loss=0.03315 nat=0.02960 xling=0.00090 en=0.00965 a=+0.1318 gn=0.03 1.03s/step | para=1.00
   13425 loss=0.06770 nat=0.06338 xling=0.00095 en=0.01194 a=+0.1318 gn=0.05 1.03s/step | para=1.00
   13450 loss=0.04187 nat=0.03929 xling=0.00259 en=0.00489 a=+0.1315 gn=0.02 1.03s/step | para=1.00
   13475 loss=0.02863 nat=0.02726 xling=0.00077 en=0.00328 a=+0.1318 gn=0.01 1.03s/step | para=1.00
   13500 loss=0.04069 nat=0.03774 xling=0.00160 en=0.00714 a=+0.1320 gn=0.06 1.03s/step | para=1.00
  [val] step 13500: hi: native=0.03441 rel=+3.35% tiv=2.21e-03
   13525 loss=0.02894 nat=0.02771 xling=0.00050 en=0.00315 a=+0.1321 gn=0.02 1.03s/step | para=1.00
   13550 loss=0.03135 nat=0.03004 xling=0.00055 en=0.00334 a=+0.1320 gn=0.02 1.03s/step | para=1.00
   13575 loss=0.03762 nat=0.03577 xling=0.00048 en=0.00507 a=+0.1321 gn=0.02 1.03s/step | para=1.00
   13600 loss=0.02460 nat=0.02364 xling=0.00054 en=0.00230 a=+0.1324 gn=0.02 1.03s/step | para=1.00 degen=0.00
   13625 loss=0.02937 nat=0.02834 xling=0.00053 en=0.00254 a=+0.1323 gn=0.02 1.03s/step | para=1.00
   13650 loss=0.04692 nat=0.04506 xling=0.00141 en=0.00407 a=+0.1322 gn=0.03 1.03s/step | para=1.00
   13675 loss=0.03716 nat=0.03364 xling=0.00036 en=0.01037 a=+0.1320 gn=0.04 1.03s/step | para=1.00 degen=0.00
   13700 loss=0.04760 nat=0.04575 xling=0.00140 en=0.00409 a=+0.1322 gn=0.06 1.03s/step | para=1.00
   13725 loss=0.03510 nat=0.03236 xling=0.00101 en=0.00727 a=+0.1324 gn=0.04 1.03s/step | para=1.00 degen=0.00
   13750 loss=0.03363 nat=0.03244 xling=0.00071 en=0.00286 a=+0.1325 gn=0.01 1.03s/step | para=1.00
   13775 loss=0.05253 nat=0.05120 xling=0.00059 en=0.00342 a=+0.1323 gn=0.06 1.03s/step | para=1.00
   13800 loss=0.03005 nat=0.02873 xling=0.00072 en=0.00325 a=+0.1322 gn=0.02 1.03s/step | para=1.00
   13825 loss=0.03501 nat=0.03294 xling=0.00154 en=0.00464 a=+0.1323 gn=0.04 1.03s/step | para=1.00
   13850 loss=0.02045 nat=0.01953 xling=0.00057 en=0.00222 a=+0.1324 gn=0.02 1.03s/step | para=1.00
   13875 loss=0.03452 nat=0.03237 xling=0.00144 en=0.00503 a=+0.1327 gn=0.03 1.03s/step | para=1.00
   13900 loss=0.03546 nat=0.03322 xling=0.00177 en=0.00493 a=+0.1327 gn=0.04 1.03s/step | para=1.00
   13925 loss=0.03163 nat=0.03011 xling=0.00130 en=0.00326 a=+0.1328 gn=0.04 1.03s/step | para=1.00
   13950 loss=0.09449 nat=0.09120 xling=0.00207 en=0.00790 a=+0.1328 gn=0.17 1.03s/step | para=1.00
   13975 loss=0.03555 nat=0.03346 xling=0.00057 en=0.00588 a=+0.1328 gn=0.05 1.03s/step | para=1.00 degen=0.00
   14000 loss=0.03648 nat=0.03503 xling=0.00065 en=0.00378 a=+0.1326 gn=0.02 1.03s/step | para=1.00
  [val] step 14000: hi: native=0.03448 rel=+3.33% tiv=1.44e-03
  !! HF push failed: (Request ID: Root=1-6a9cbc8d-1eb907556172348b7ffcbeeb;1de6a1e2-c832-47cb-9b0a-ecdbd26d2c73)

403 Forbidden: Private repository storage limit reached, please upg
   14025 loss=0.03247 nat=0.03107 xling=0.00062 en=0.00367 a=+0.1327 gn=0.05 1.03s/step | para=1.00
   14050 loss=0.04392 nat=0.04197 xling=0.00092 en=0.00506 a=+0.1327 gn=0.05 1.03s/step | para=1.00
   14075 loss=0.03528 nat=0.03296 xling=0.00164 en=0.00543 a=+0.1330 gn=0.02 1.03s/step | para=1.00 degen=0.00
   14100 loss=0.03325 nat=0.03182 xling=0.00077 en=0.00361 a=+0.1329 gn=0.06 1.03s/step | para=1.00
   14125 loss=0.03489 nat=0.03370 xling=0.00048 en=0.00317 a=+0.1331 gn=0.02 1.03s/step | para=1.00
   14150 loss=0.02839 nat=0.02715 xling=0.00046 en=0.00340 a=+0.1331 gn=0.01 1.03s/step | para=1.00
   14175 loss=0.03392 nat=0.03222 xling=0.00091 en=0.00433 a=+0.1333 gn=0.02 1.03s/step | para=1.00
   14200 loss=0.04446 nat=0.04156 xling=0.00080 en=0.00828 a=+0.1334 gn=0.02 1.03s/step | para=1.00
   14225 loss=0.04137 nat=0.04007 xling=0.00094 en=0.00304 a=+0.1338 gn=0.03 1.03s/step | para=1.00 degen=0.00
   14250 loss=0.03023 nat=0.02900 xling=0.00054 en=0.00331 a=+0.1336 gn=0.01 1.03s/step | para=1.00
   14275 loss=0.02541 nat=0.02440 xling=0.00068 en=0.00243 a=+0.1335 gn=0.02 1.03s/step | para=1.00
   14300 loss=0.04641 nat=0.04423 xling=0.00111 en=0.00568 a=+0.1335 gn=0.02 1.03s/step | para=1.00
   14325 loss=0.03192 nat=0.03055 xling=0.00051 en=0.00379 a=+0.1335 gn=0.02 1.03s/step | para=1.00 degen=0.00
   14350 loss=0.03658 nat=0.03390 xling=0.00301 en=0.00512 a=+0.1336 gn=0.08 1.03s/step | para=1.00 degen=0.00
   14375 loss=0.03829 nat=0.03709 xling=0.00064 en=0.00312 a=+0.1337 gn=0.05 1.03s/step | para=1.00
   14400 loss=0.02536 nat=0.02439 xling=0.00057 en=0.00246 a=+0.1343 gn=0.02 1.03s/step | para=1.00
   14425 loss=0.05210 nat=0.04975 xling=0.00096 en=0.00646 a=+0.1343 gn=0.03 1.03s/step | para=1.00
   14450 loss=0.03226 nat=0.03110 xling=0.00052 en=0.00314 a=+0.1345 gn=0.03 1.03s/step | para=1.00
   14475 loss=0.03060 nat=0.02933 xling=0.00093 en=0.00303 a=+0.1346 gn=0.02 1.03s/step | para=1.00
   14500 loss=0.06842 nat=0.06591 xling=0.00202 en=0.00575 a=+0.1345 gn=0.17 1.03s/step | para=1.00 degen=0.00
  [val] step 14500: hi: native=0.03398 rel=+4.91% tiv=2.12e-03
   14525 loss=0.03541 nat=0.03418 xling=0.00055 en=0.00334 a=+0.1347 gn=0.02 1.03s/step | para=1.00
   14550 loss=0.03147 nat=0.02979 xling=0.00079 en=0.00453 a=+0.1348 gn=0.02 1.03s/step | para=1.00
   14575 loss=0.03135 nat=0.02966 xling=0.00102 en=0.00431 a=+0.1347 gn=0.01 1.03s/step | para=1.00 degen=0.00
   14600 loss=0.02290 nat=0.02216 xling=0.00026 en=0.00211 a=+0.1347 gn=0.02 1.03s/step | para=1.00
   14625 loss=0.03583 nat=0.03481 xling=0.00049 en=0.00277 a=+0.1349 gn=0.01 1.03s/step | para=1.00
   14650 loss=0.05120 nat=0.04849 xling=0.00136 en=0.00725 a=+0.1347 gn=0.06 1.03s/step | para=1.00
   14675 loss=0.02718 nat=0.02615 xling=0.00057 en=0.00268 a=+0.1347 gn=0.02 1.03s/step | para=1.00
   14700 loss=0.05093 nat=0.04962 xling=0.00060 en=0.00359 a=+0.1348 gn=0.03 1.03s/step | para=1.00
   14725 loss=0.03580 nat=0.03372 xling=0.00198 en=0.00451 a=+0.1348 gn=0.02 1.03s/step | para=1.00
   14750 loss=0.03221 nat=0.02969 xling=0.00316 en=0.00461 a=+0.1347 gn=0.02 1.03s/step | para=1.00 degen=0.00
   14775 loss=0.04004 nat=0.03787 xling=0.00161 en=0.00524 a=+0.1349 gn=0.06 1.03s/step | para=0.99 degen=0.01
   14800 loss=0.03470 nat=0.03295 xling=0.00074 en=0.00489 a=+0.1352 gn=0.02 1.03s/step | para=1.00
   14825 loss=0.03560 nat=0.03378 xling=0.00123 en=0.00455 a=+0.1351 gn=0.05 1.03s/step | para=1.00
   14850 loss=0.02443 nat=0.02355 xling=0.00060 en=0.00223 a=+0.1353 gn=0.02 1.03s/step | para=1.00
   14875 loss=0.04582 nat=0.04434 xling=0.00104 en=0.00368 a=+0.1352 gn=0.03 1.03s/step | para=1.00
   14900 loss=0.04951 nat=0.04753 xling=0.00101 en=0.00539 a=+0.1353 gn=0.03 1.03s/step | para=1.00
   14925 loss=0.04229 nat=0.04047 xling=0.00090 en=0.00498 a=+0.1353 gn=0.02 1.03s/step | para=1.00
   14950 loss=0.04988 nat=0.04771 xling=0.00130 en=0.00570 a=+0.1353 gn=0.03 1.03s/step | para=1.00
   14975 loss=0.03669 nat=0.03504 xling=0.00044 en=0.00498 a=+0.1352 gn=0.02 1.03s/step | para=1.00
   15000 loss=0.02893 nat=0.02783 xling=0.00061 en=0.00297 a=+0.1351 gn=0.01 1.03s/step | para=1.00
  [val] step 15000: hi: native=0.03398 rel=+5.02% tiv=1.81e-03
   15025 loss=0.03842 nat=0.03699 xling=0.00074 en=0.00389 a=+0.1350 gn=0.03 1.03s/step | para=1.00
   15050 loss=0.03463 nat=0.03302 xling=0.00065 en=0.00461 a=+0.1351 gn=0.03 1.03s/step | para=1.00
   15075 loss=0.03333 nat=0.03197 xling=0.00103 en=0.00337 a=+0.1352 gn=0.01 1.03s/step | para=1.00 degen=0.00
   15100 loss=0.02354 nat=0.02265 xling=0.00044 en=0.00246 a=+0.1354 gn=0.02 1.03s/step | para=1.00 degen=0.00
   15125 loss=0.03378 nat=0.03201 xling=0.00052 en=0.00536 a=+0.1351 gn=0.02 1.03s/step | para=1.00
   15150 loss=0.05591 nat=0.05397 xling=0.00155 en=0.00472 a=+0.1349 gn=0.03 1.03s/step | para=1.00
   15175 loss=0.03662 nat=0.03540 xling=0.00068 en=0.00332 a=+0.1351 gn=0.02 1.03s/step | para=1.00
   15200 loss=0.04346 nat=0.04183 xling=0.00094 en=0.00441 a=+0.1351 gn=0.04 1.03s/step | para=1.00
   15225 loss=0.03747 nat=0.03461 xling=0.00077 en=0.00879 a=+0.1351 gn=0.10 1.03s/step | para=1.00 degen=0.00
   15250 loss=0.03260 nat=0.03117 xling=0.00104 en=0.00363 a=+0.1353 gn=0.01 1.03s/step | para=1.00
   15275 loss=0.03921 nat=0.03731 xling=0.00185 en=0.00430 a=+0.1353 gn=0.04 1.03s/step | para=1.00
   15300 loss=0.03668 nat=0.03540 xling=0.00063 en=0.00360 a=+0.1353 gn=0.02 1.03s/step | para=1.00
   15325 loss=0.03693 nat=0.03524 xling=0.00119 en=0.00435 a=+0.1356 gn=0.07 1.03s/step | para=1.00
   15350 loss=0.03079 nat=0.02861 xling=0.00043 en=0.00692 a=+0.1358 gn=0.02 1.03s/step | para=1.00
   15375 loss=0.04572 nat=0.04252 xling=0.00410 en=0.00611 a=+0.1358 gn=0.05 1.03s/step | para=1.00
   15400 loss=0.05269 nat=0.04985 xling=0.00206 en=0.00729 a=+0.1358 gn=0.16 1.03s/step | para=1.00
   15425 loss=0.03075 nat=0.02956 xling=0.00094 en=0.00299 a=+0.1358 gn=0.01 1.03s/step | para=1.00
   15450 loss=0.04173 nat=0.03968 xling=0.00107 en=0.00577 a=+0.1359 gn=0.02 1.03s/step | para=1.00 degen=0.00
   15475 loss=0.03028 nat=0.02931 xling=0.00057 en=0.00267 a=+0.1358 gn=0.04 1.03s/step | para=1.00
   15500 loss=0.03681 nat=0.03527 xling=0.00133 en=0.00376 a=+0.1357 gn=0.03 1.03s/step | para=1.00
  [val] step 15500: hi: native=0.03411 rel=+5.82% tiv=2.32e-03
   15525 loss=0.02557 nat=0.02454 xling=0.00050 en=0.00298 a=+0.1358 gn=0.02 1.03s/step | para=1.00
   15550 loss=0.03552 nat=0.03432 xling=0.00084 en=0.00317 a=+0.1358 gn=0.02 1.03s/step | para=1.00 degen=0.00
   15575 loss=0.03248 nat=0.03121 xling=0.00071 en=0.00357 a=+0.1359 gn=0.02 1.03s/step | para=1.00
   15600 loss=0.02766 nat=0.02682 xling=0.00055 en=0.00226 a=+0.1362 gn=0.02 1.03s/step | para=1.00
   15625 loss=0.03761 nat=0.03573 xling=0.00111 en=0.00521 a=+0.1360 gn=0.02 1.03s/step | para=1.00
   15650 loss=0.03992 nat=0.03781 xling=0.00130 en=0.00580 a=+0.1360 gn=0.05 1.03s/step | para=1.00
   15675 loss=0.02989 nat=0.02860 xling=0.00087 en=0.00347 a=+0.1359 gn=0.04 1.03s/step | para=1.00
   15700 loss=0.02914 nat=0.02745 xling=0.00150 en=0.00413 a=+0.1359 gn=0.01 1.03s/step | para=1.00
   15725 loss=0.07236 nat=0.07041 xling=0.00099 en=0.00566 a=+0.1359 gn=0.11 1.03s/step | para=1.00
   15750 loss=0.02830 nat=0.02636 xling=0.00086 en=0.00578 a=+0.1361 gn=0.04 1.03s/step | para=1.00 degen=0.00
   15775 loss=0.03295 nat=0.03170 xling=0.00096 en=0.00324 a=+0.1362 gn=0.03 1.03s/step | para=1.00
   15800 loss=0.02996 nat=0.02854 xling=0.00056 en=0.00435 a=+0.1361 gn=0.01 1.03s/step | para=1.00
   15825 loss=0.05692 nat=0.05563 xling=0.00127 en=0.00305 a=+0.1364 gn=0.04 1.03s/step | para=0.99 degen=0.01
   15850 loss=0.01932 nat=0.01866 xling=0.00032 en=0.00194 a=+0.1365 gn=0.01 1.03s/step | para=1.00
   15875 loss=0.04830 nat=0.04662 xling=0.00120 en=0.00452 a=+0.1365 gn=0.05 1.03s/step | para=1.00
   15900 loss=0.03081 nat=0.02909 xling=0.00119 en=0.00468 a=+0.1363 gn=0.04 1.03s/step | para=1.00 degen=0.00
   15925 loss=0.02715 nat=0.02604 xling=0.00036 en=0.00353 a=+0.1363 gn=0.02 1.03s/step | para=1.00
   15950 loss=0.06100 nat=0.05886 xling=0.00166 en=0.00563 a=+0.1362 gn=0.04 1.03s/step | para=1.00
   15975 loss=0.03717 nat=0.03589 xling=0.00103 en=0.00336 a=+0.1363 gn=0.01 1.03s/step | para=1.00
   16000 loss=0.02698 nat=0.02610 xling=0.00044 en=0.00263 a=+0.1364 gn=0.01 1.03s/step | para=1.00
  [val] step 16000: hi: native=0.03416 rel=+5.18% tiv=2.24e-03
  !! HF push failed: (Request ID: Root=1-6a9cc489-4c6940421eeedb4b2038738f;3e381bcc-c01d-4db5-a3aa-524986935cf6)

403 Forbidden: Private repository storage limit reached, please upg
   16025 loss=0.03295 nat=0.03194 xling=0.00049 en=0.00306 a=+0.1365 gn=0.05 1.03s/step | para=1.00
   16050 loss=0.04012 nat=0.03825 xling=0.00178 en=0.00458 a=+0.1367 gn=0.04 1.03s/step | para=1.00
   16075 loss=0.03050 nat=0.02896 xling=0.00079 en=0.00460 a=+0.1368 gn=0.03 1.03s/step | para=1.00 degen=0.00
   16100 loss=0.04075 nat=0.03965 xling=0.00072 en=0.00309 a=+0.1369 gn=0.01 1.03s/step | para=1.00
   16125 loss=0.03485 nat=0.03295 xling=0.00112 en=0.00550 a=+0.1369 gn=0.03 1.03s/step | para=1.00
   16150 loss=0.03600 nat=0.03499 xling=0.00044 en=0.00310 a=+0.1368 gn=0.01 1.03s/step | para=1.00
   16175 loss=0.02828 nat=0.02706 xling=0.00054 en=0.00376 a=+0.1367 gn=0.02 1.03s/step | para=1.00
   16200 loss=0.03560 nat=0.03416 xling=0.00132 en=0.00363 a=+0.1369 gn=0.03 1.03s/step | para=1.00
   16225 loss=0.03906 nat=0.03737 xling=0.00095 en=0.00498 a=+0.1370 gn=0.05 1.03s/step | para=1.00
   16250 loss=0.02732 nat=0.02620 xling=0.00050 en=0.00344 a=+0.1371 gn=0.01 1.03s/step | para=1.00 degen=0.00
   16275 loss=0.02360 nat=0.02259 xling=0.00041 en=0.00321 a=+0.1373 gn=0.01 1.03s/step | para=1.00
   16300 loss=0.04842 nat=0.04660 xling=0.00121 en=0.00519 a=+0.1373 gn=0.05 1.03s/step | para=1.00 degen=0.00
   16325 loss=0.03587 nat=0.03473 xling=0.00073 en=0.00329 a=+0.1375 gn=0.02 1.03s/step | para=1.00 degen=0.00
   16350 loss=0.03556 nat=0.03436 xling=0.00040 en=0.00391 a=+0.1373 gn=0.02 1.03s/step | para=1.00
   16375 loss=0.02940 nat=0.02768 xling=0.00074 en=0.00542 a=+0.1373 gn=0.04 1.03s/step | para=1.00
   16400 loss=0.02548 nat=0.02449 xling=0.00055 en=0.00300 a=+0.1373 gn=0.02 1.03s/step | para=1.00
   16425 loss=0.04614 nat=0.04318 xling=0.00123 en=0.00941 a=+0.1373 gn=0.05 1.03s/step | para=1.00
   16450 loss=0.03235 nat=0.03130 xling=0.00062 en=0.00310 a=+0.1372 gn=0.02 1.03s/step | para=1.00
   16475 loss=0.03224 nat=0.03103 xling=0.00101 en=0.00325 a=+0.1373 gn=0.02 1.03s/step | para=1.00
   16500 loss=0.06187 nat=0.06046 xling=0.00129 en=0.00368 a=+0.1374 gn=0.04 1.03s/step | para=1.00
  [val] step 16500: hi: native=0.03376 rel=+5.42% tiv=2.94e-03
   16525 loss=0.02717 nat=0.02624 xling=0.00044 en=0.00292 a=+0.1373 gn=0.03 1.03s/step | para=1.00
   16550 loss=0.03444 nat=0.03300 xling=0.00072 en=0.00449 a=+0.1373 gn=0.01 1.02s/step | para=1.00
   16575 loss=0.03531 nat=0.03420 xling=0.00055 en=0.00345 a=+0.1372 gn=0.02 1.02s/step | para=1.00 degen=0.00
   16600 loss=0.02880 nat=0.02799 xling=0.00034 en=0.00263 a=+0.1371 gn=0.01 1.02s/step | para=1.00
   16625 loss=0.02556 nat=0.02455 xling=0.00041 en=0.00327 a=+0.1371 gn=0.02 1.02s/step | para=1.00
   16650 loss=0.04298 nat=0.04134 xling=0.00095 en=0.00498 a=+0.1372 gn=0.05 1.02s/step | para=1.00 degen=0.00
   16675 loss=0.02424 nat=0.02301 xling=0.00069 en=0.00379 a=+0.1373 gn=0.01 1.02s/step | para=1.00
   16700 loss=0.03585 nat=0.03435 xling=0.00063 en=0.00486 a=+0.1373 gn=0.04 1.02s/step | para=1.00
   16725 loss=0.03433 nat=0.03295 xling=0.00050 en=0.00460 a=+0.1374 gn=0.03 1.02s/step | para=1.00
   16750 loss=0.04861 nat=0.04728 xling=0.00063 en=0.00423 a=+0.1374 gn=0.03 1.02s/step | para=1.00
   16775 loss=0.02369 nat=0.02292 xling=0.00038 en=0.00245 a=+0.1374 gn=0.01 1.02s/step | para=1.00
   16800 loss=0.03036 nat=0.02846 xling=0.00167 en=0.00516 a=+0.1374 gn=0.04 1.02s/step | para=1.00 degen=0.00
   16825 loss=0.03782 nat=0.03591 xling=0.00098 en=0.00604 a=+0.1374 gn=0.05 1.02s/step | para=1.00
   16850 loss=0.03751 nat=0.03605 xling=0.00053 en=0.00489 a=+0.1376 gn=0.03 1.02s/step | para=1.00
   16875 loss=0.03719 nat=0.03515 xling=0.00100 en=0.00653 a=+0.1377 gn=0.09 1.02s/step | para=1.00
   16900 loss=0.03619 nat=0.03472 xling=0.00093 en=0.00446 a=+0.1379 gn=0.04 1.02s/step | para=1.00
   16925 loss=0.04986 nat=0.04816 xling=0.00106 en=0.00520 a=+0.1379 gn=0.03 1.02s/step | para=1.00
   16950 loss=0.05043 nat=0.04717 xling=0.00307 en=0.00870 a=+0.1380 gn=0.05 1.02s/step | para=1.00 degen=0.00
   16975 loss=0.04135 nat=0.03949 xling=0.00072 en=0.00626 a=+0.1380 gn=0.07 1.02s/step | para=1.00
   17000 loss=0.03741 nat=0.03604 xling=0.00122 en=0.00376 a=+0.1381 gn=0.02 1.02s/step | para=1.00
  [val] step 17000: hi: native=0.03391 rel=+5.58% tiv=2.59e-03
   17025 loss=0.03146 nat=0.03053 xling=0.00049 en=0.00299 a=+0.1382 gn=0.01 1.02s/step | para=1.00
   17050 loss=0.04895 nat=0.04673 xling=0.00151 en=0.00669 a=+0.1383 gn=0.04 1.02s/step | para=1.00
   17075 loss=0.05252 nat=0.05122 xling=0.00077 en=0.00407 a=+0.1382 gn=0.02 1.02s/step | para=1.00
   17100 loss=0.02468 nat=0.02394 xling=0.00040 en=0.00236 a=+0.1384 gn=0.02 1.02s/step | para=1.00 degen=0.00
   17125 loss=0.03106 nat=0.02997 xling=0.00060 en=0.00349 a=+0.1384 gn=0.01 1.02s/step | para=1.00
   17150 loss=0.06136 nat=0.05917 xling=0.00152 en=0.00665 a=+0.1385 gn=0.03 1.02s/step | para=1.00
   17175 loss=0.02617 nat=0.02520 xling=0.00062 en=0.00302 a=+0.1385 gn=0.01 1.02s/step | para=1.00
   17200 loss=0.02679 nat=0.02558 xling=0.00060 en=0.00399 a=+0.1384 gn=0.01 1.02s/step | para=1.00
   17225 loss=0.02972 nat=0.02851 xling=0.00070 en=0.00387 a=+0.1385 gn=0.02 1.02s/step | para=1.00
   17250 loss=0.02994 nat=0.02886 xling=0.00056 en=0.00353 a=+0.1386 gn=0.01 1.02s/step | para=1.00
   17275 loss=0.03321 nat=0.03221 xling=0.00081 en=0.00293 a=+0.1386 gn=0.03 1.02s/step | para=1.00
   17300 loss=0.04285 nat=0.04057 xling=0.00137 en=0.00729 a=+0.1386 gn=0.03 1.02s/step | para=1.00
   17325 loss=0.04202 nat=0.03973 xling=0.00159 en=0.00705 a=+0.1385 gn=0.05 1.02s/step | para=1.00
   17350 loss=0.02592 nat=0.02507 xling=0.00053 en=0.00269 a=+0.1386 gn=0.02 1.02s/step | para=1.00
   17375 loss=0.03904 nat=0.03746 xling=0.00081 en=0.00524 a=+0.1387 gn=0.03 1.02s/step | para=1.00
   17400 loss=0.06062 nat=0.05921 xling=0.00091 en=0.00446 a=+0.1387 gn=0.15 1.02s/step | para=1.00
   17425 loss=0.04272 nat=0.04073 xling=0.00135 en=0.00626 a=+0.1387 gn=0.03 1.02s/step | para=1.00
   17450 loss=0.06803 nat=0.06312 xling=0.00561 en=0.01254 a=+0.1389 gn=0.06 1.02s/step | para=1.00
   17475 loss=0.02813 nat=0.02682 xling=0.00070 en=0.00435 a=+0.1389 gn=0.01 1.02s/step | para=1.00
   17500 loss=0.03454 nat=0.03317 xling=0.00083 en=0.00446 a=+0.1388 gn=0.02 1.02s/step | para=1.00
  [val] step 17500: hi: native=0.03379 rel=+5.76% tiv=2.40e-03
   17525 loss=0.03305 nat=0.03200 xling=0.00051 en=0.00356 a=+0.1387 gn=0.06 1.02s/step | para=1.00
   17550 loss=0.04604 nat=0.04364 xling=0.00095 en=0.00847 a=+0.1388 gn=0.05 1.02s/step | para=1.00
   17575 loss=0.03956 nat=0.03862 xling=0.00071 en=0.00291 a=+0.1389 gn=0.02 1.02s/step | para=1.00
   17600 loss=0.03369 nat=0.03260 xling=0.00044 en=0.00386 a=+0.1391 gn=0.04 1.02s/step | para=1.00
   17625 loss=0.03078 nat=0.02976 xling=0.00067 en=0.00327 a=+0.1391 gn=0.01 1.02s/step | para=1.00
   17650 loss=0.04409 nat=0.04238 xling=0.00078 en=0.00596 a=+0.1390 gn=0.02 1.02s/step | para=1.00
   17675 loss=0.04472 nat=0.04379 xling=0.00056 en=0.00309 a=+0.1390 gn=0.05 1.02s/step | para=1.00
   17700 loss=0.03106 nat=0.02994 xling=0.00126 en=0.00299 a=+0.1391 gn=0.02 1.02s/step | para=1.00
   17725 loss=0.04706 nat=0.04546 xling=0.00175 en=0.00432 a=+0.1391 gn=0.06 1.02s/step | para=1.00
   17750 loss=0.02834 nat=0.02697 xling=0.00100 en=0.00437 a=+0.1392 gn=0.02 1.02s/step | para=1.00
   17775 loss=0.04049 nat=0.03811 xling=0.00201 en=0.00719 a=+0.1392 gn=0.07 1.02s/step | para=1.00
   17800 loss=0.04716 nat=0.04525 xling=0.00081 en=0.00681 a=+0.1391 gn=0.03 1.02s/step | para=1.00
   17825 loss=0.08116 nat=0.07926 xling=0.00191 en=0.00539 a=+0.1392 gn=0.12 1.02s/step | para=1.00
   17850 loss=0.04107 nat=0.03992 xling=0.00056 en=0.00405 a=+0.1392 gn=0.03 1.02s/step | para=1.00
   17875 loss=0.03556 nat=0.03371 xling=0.00147 en=0.00573 a=+0.1393 gn=0.04 1.02s/step | para=1.00
   17900 loss=0.03231 nat=0.03119 xling=0.00092 en=0.00343 a=+0.1393 gn=0.02 1.02s/step | para=1.00
   17925 loss=0.04699 nat=0.04578 xling=0.00062 en=0.00424 a=+0.1394 gn=0.05 1.02s/step | para=1.00
   17950 loss=0.03051 nat=0.02896 xling=0.00072 en=0.00550 a=+0.1394 gn=0.02 1.02s/step | para=1.00
   17975 loss=0.03309 nat=0.03210 xling=0.00063 en=0.00335 a=+0.1394 gn=0.04 1.02s/step | para=1.00
   18000 loss=0.03699 nat=0.03537 xling=0.00082 en=0.00572 a=+0.1394 gn=0.03 1.02s/step | para=1.00 degen=0.00
  [val] step 18000: hi: native=0.03376 rel=+5.97% tiv=2.65e-03
  !! HF push failed: (Request ID: Root=1-6a9ccc67-3ae76d7b095ffd6d6c37b403;c430e886-752f-4de9-803c-868b8c0e5232)

403 Forbidden: Private repository storage limit reached, please upg
   18025 loss=0.03312 nat=0.03201 xling=0.00063 en=0.00386 a=+0.1395 gn=0.07 1.02s/step | para=1.00
   18050 loss=0.04009 nat=0.03853 xling=0.00091 en=0.00540 a=+0.1397 gn=0.04 1.02s/step | para=1.00
   18075 loss=0.03855 nat=0.03735 xling=0.00098 en=0.00379 a=+0.1398 gn=0.03 1.02s/step | para=1.00 degen=0.00
   18100 loss=0.04424 nat=0.04218 xling=0.00077 en=0.00767 a=+0.1398 gn=0.03 1.02s/step | para=1.00 degen=0.00
   18125 loss=0.05489 nat=0.05357 xling=0.00161 en=0.00353 a=+0.1397 gn=0.06 1.02s/step | para=1.00
   18150 loss=0.02979 nat=0.02883 xling=0.00077 en=0.00308 a=+0.1399 gn=0.02 1.02s/step | para=1.00
   18175 loss=0.05239 nat=0.05046 xling=0.00250 en=0.00496 a=+0.1400 gn=0.09 1.02s/step | para=1.00
   18200 loss=0.03666 nat=0.03570 xling=0.00058 en=0.00330 a=+0.1401 gn=0.02 1.02s/step | para=1.00
   18225 loss=0.03811 nat=0.03396 xling=0.00402 en=0.01248 a=+0.1401 gn=0.05 1.02s/step | para=1.00
   18250 loss=0.02914 nat=0.02814 xling=0.00040 en=0.00374 a=+0.1401 gn=0.02 1.02s/step | para=1.00 degen=0.00
   18275 loss=0.02538 nat=0.02453 xling=0.00036 en=0.00315 a=+0.1400 gn=0.01 1.02s/step | para=1.00
   18300 loss=0.04522 nat=0.04247 xling=0.00396 en=0.00666 a=+0.1401 gn=0.08 1.02s/step | para=1.00
   18325 loss=0.03752 nat=0.03635 xling=0.00091 en=0.00384 a=+0.1402 gn=0.02 1.02s/step | para=1.00
   18350 loss=0.03111 nat=0.02956 xling=0.00086 en=0.00557 a=+0.1404 gn=0.02 1.02s/step | para=1.00
   18375 loss=0.02741 nat=0.02608 xling=0.00096 en=0.00451 a=+0.1404 gn=0.02 1.02s/step | para=1.00
   18400 loss=0.03850 nat=0.03727 xling=0.00071 en=0.00440 a=+0.1404 gn=0.02 1.02s/step | para=1.00
   18425 loss=0.03018 nat=0.02898 xling=0.00075 en=0.00422 a=+0.1404 gn=0.05 1.02s/step | para=1.00 degen=0.00
   18450 loss=0.03012 nat=0.02890 xling=0.00082 en=0.00422 a=+0.1403 gn=0.02 1.02s/step | para=1.00 degen=0.00
   18475 loss=0.03137 nat=0.03036 xling=0.00077 en=0.00336 a=+0.1404 gn=0.02 1.02s/step | para=1.00
   18500 loss=0.04657 nat=0.04509 xling=0.00167 en=0.00427 a=+0.1403 gn=0.05 1.02s/step | para=1.00 degen=0.00
  [val] step 18500: hi: native=0.03381 rel=+6.14% tiv=2.33e-03
   18525 loss=0.02700 nat=0.02563 xling=0.00172 en=0.00373 a=+0.1403 gn=0.01 1.02s/step | para=1.00
   18550 loss=0.03634 nat=0.03487 xling=0.00106 en=0.00505 a=+0.1403 gn=0.02 1.02s/step | para=1.00
   18575 loss=0.05218 nat=0.05057 xling=0.00165 en=0.00489 a=+0.1405 gn=0.04 1.02s/step | para=1.00
   18600 loss=0.02637 nat=0.02548 xling=0.00052 en=0.00324 a=+0.1405 gn=0.03 1.02s/step | para=1.00
   18625 loss=0.02835 nat=0.02743 xling=0.00066 en=0.00315 a=+0.1405 gn=0.01 1.02s/step | para=1.00 degen=0.00
   18650 loss=0.04658 nat=0.04530 xling=0.00088 en=0.00449 a=+0.1406 gn=0.06 1.02s/step | para=1.00
   18675 loss=0.02816 nat=0.02730 xling=0.00052 en=0.00312 a=+0.1405 gn=0.02 1.02s/step | para=1.00
   18700 loss=0.03076 nat=0.02970 xling=0.00103 en=0.00338 a=+0.1405 gn=0.03 1.02s/step | para=1.00
   18725 loss=0.04981 nat=0.04828 xling=0.00116 en=0.00530 a=+0.1406 gn=0.07 1.02s/step | para=1.00 degen=0.00
   18750 loss=0.04483 nat=0.04393 xling=0.00059 en=0.00322 a=+0.1407 gn=0.05 1.02s/step | para=1.00
   18775 loss=0.03192 nat=0.02912 xling=0.00324 en=0.00827 a=+0.1408 gn=0.03 1.02s/step | para=1.00
   18800 loss=0.03586 nat=0.03421 xling=0.00113 en=0.00589 a=+0.1408 gn=0.05 1.02s/step | para=1.00
   18825 loss=0.03716 nat=0.03591 xling=0.00141 en=0.00375 a=+0.1409 gn=0.04 1.02s/step | para=1.00
   18850 loss=0.04801 nat=0.04686 xling=0.00113 en=0.00371 a=+0.1409 gn=0.06 1.02s/step | para=1.00
   18875 loss=0.04856 nat=0.04686 xling=0.00118 en=0.00607 a=+0.1409 gn=0.02 1.02s/step | para=1.00
   18900 loss=0.03927 nat=0.03800 xling=0.00095 en=0.00446 a=+0.1410 gn=0.05 1.02s/step | para=1.00
   18925 loss=0.04807 nat=0.04628 xling=0.00118 en=0.00654 a=+0.1410 gn=0.03 1.02s/step | para=1.00
   18950 loss=0.05070 nat=0.04871 xling=0.00187 en=0.00656 a=+0.1410 gn=0.04 1.02s/step | para=1.00
   18975 loss=0.03544 nat=0.03411 xling=0.00098 en=0.00476 a=+0.1411 gn=0.03 1.02s/step | para=1.00
   19000 loss=0.03376 nat=0.03256 xling=0.00135 en=0.00368 a=+0.1411 gn=0.04 1.02s/step | para=1.00
  [val] step 19000: hi: native=0.03373 rel=+6.21% tiv=2.65e-03
   19025 loss=0.02721 nat=0.02619 xling=0.00068 en=0.00375 a=+0.1411 gn=0.01 1.02s/step | para=1.00
   19050 loss=0.02802 nat=0.02610 xling=0.00082 en=0.00770 a=+0.1411 gn=0.02 1.02s/step | para=0.99 degen=0.01
   19075 loss=0.06793 nat=0.06647 xling=0.00106 en=0.00530 a=+0.1412 gn=0.03 1.02s/step | para=1.00
   19100 loss=0.02181 nat=0.02105 xling=0.00080 en=0.00242 a=+0.1412 gn=0.01 1.02s/step | para=1.00
   19125 loss=0.03181 nat=0.03059 xling=0.00145 en=0.00372 a=+0.1412 gn=0.01 1.02s/step | para=1.00
   19150 loss=0.04657 nat=0.04461 xling=0.00122 en=0.00741 a=+0.1414 gn=0.03 1.02s/step | para=1.00
   19175 loss=0.03736 nat=0.03622 xling=0.00050 en=0.00460 a=+0.1414 gn=0.03 1.02s/step | para=1.00
   19200 loss=0.03077 nat=0.02972 xling=0.00079 en=0.00379 a=+0.1413 gn=0.02 1.02s/step | para=1.00 degen=0.00
   19225 loss=0.04353 nat=0.04192 xling=0.00200 en=0.00482 a=+0.1414 gn=0.07 1.02s/step | para=1.00
   19250 loss=0.03278 nat=0.03184 xling=0.00072 en=0.00340 a=+0.1415 gn=0.03 1.02s/step | para=1.00
   19275 loss=0.03200 nat=0.03073 xling=0.00109 en=0.00447 a=+0.1415 gn=0.03 1.02s/step | para=1.00
   19300 loss=0.03314 nat=0.03177 xling=0.00070 en=0.00545 a=+0.1415 gn=0.02 1.02s/step | para=1.00
   19325 loss=0.03506 nat=0.03357 xling=0.00100 en=0.00567 a=+0.1415 gn=0.04 1.02s/step | para=1.00
   19350 loss=0.02900 nat=0.02758 xling=0.00098 en=0.00532 a=+0.1415 gn=0.03 1.02s/step | para=1.00
   19375 loss=0.03455 nat=0.03196 xling=0.00150 en=0.01021 a=+0.1415 gn=0.02 1.02s/step | para=1.00
   19400 loss=0.03407 nat=0.03308 xling=0.00079 en=0.00360 a=+0.1414 gn=0.03 1.02s/step | para=1.00
   19425 loss=0.03417 nat=0.03341 xling=0.00064 en=0.00274 a=+0.1414 gn=0.01 1.02s/step | para=1.00
   19450 loss=0.03701 nat=0.03456 xling=0.00362 en=0.00675 a=+0.1416 gn=0.03 1.02s/step | para=1.00
   19475 loss=0.03086 nat=0.02980 xling=0.00050 en=0.00436 a=+0.1415 gn=0.01 1.02s/step | para=1.00
   19500 loss=0.03086 nat=0.02992 xling=0.00059 en=0.00367 a=+0.1415 gn=0.03 1.02s/step | para=1.00
  [val] step 19500: hi: native=0.03351 rel=+6.87% tiv=2.73e-03
   19525 loss=0.02881 nat=0.02798 xling=0.00070 en=0.00303 a=+0.1415 gn=0.01 1.03s/step | para=1.00
   19550 loss=0.04063 nat=0.03950 xling=0.00084 en=0.00427 a=+0.1416 gn=0.04 1.03s/step | para=1.00
   19575 loss=0.03384 nat=0.03275 xling=0.00108 en=0.00374 a=+0.1416 gn=0.02 1.03s/step | para=1.00
   19600 loss=0.02836 nat=0.02743 xling=0.00069 en=0.00356 a=+0.1417 gn=0.03 1.03s/step | para=1.00 degen=0.00
   19625 loss=0.02656 nat=0.02529 xling=0.00180 en=0.00371 a=+0.1418 gn=0.01 1.02s/step | para=1.00
   19650 loss=0.04649 nat=0.04506 xling=0.00085 en=0.00573 a=+0.1418 gn=0.02 1.02s/step | para=1.00
   19675 loss=0.03131 nat=0.03046 xling=0.00090 en=0.00293 a=+0.1418 gn=0.02 1.02s/step | para=1.00
   19700 loss=0.03021 nat=0.02931 xling=0.00045 en=0.00379 a=+0.1417 gn=0.01 1.02s/step | para=1.00
   19725 loss=0.04355 nat=0.04238 xling=0.00083 en=0.00458 a=+0.1418 gn=0.07 1.02s/step | para=1.00
   19750 loss=0.02675 nat=0.02532 xling=0.00169 en=0.00471 a=+0.1419 gn=0.03 1.02s/step | para=1.00
   19775 loss=0.03178 nat=0.03040 xling=0.00165 en=0.00448 a=+0.1420 gn=0.03 1.02s/step | para=1.00 degen=0.00
   19800 loss=0.02994 nat=0.02908 xling=0.00052 en=0.00351 a=+0.1419 gn=0.03 1.02s/step | para=1.00
   19825 loss=0.04218 nat=0.04067 xling=0.00091 en=0.00616 a=+0.1419 gn=0.07 1.02s/step | para=1.00
   19850 loss=0.03665 nat=0.03530 xling=0.00062 en=0.00581 a=+0.1419 gn=0.06 1.02s/step | para=1.00
   19875 loss=0.02986 nat=0.02727 xling=0.00184 en=0.01031 a=+0.1420 gn=0.04 1.02s/step | para=1.00
   19900 loss=0.03449 nat=0.03329 xling=0.00049 en=0.00527 a=+0.1420 gn=0.02 1.02s/step | para=1.00
   19925 loss=0.04157 nat=0.04010 xling=0.00153 en=0.00518 a=+0.1420 gn=0.02 1.02s/step | para=1.00
   19950 loss=0.03749 nat=0.03615 xling=0.00157 en=0.00447 a=+0.1420 gn=0.02 1.02s/step | para=1.00
   19975 loss=0.02900 nat=0.02797 xling=0.00073 en=0.00413 a=+0.1420 gn=0.01 1.02s/step | para=1.00
   20000 loss=0.03347 nat=0.03225 xling=0.00102 en=0.00467 a=+0.1421 gn=0.02 1.02s/step | para=1.00
  [val] step 20000: hi: native=0.03338 rel=+7.53% tiv=3.02e-03
  !! HF push failed: (Request ID: Root=1-6a9cd470-75d31f48795023f554d53fd7;db1deac2-e0c8-477f-bdf1-4ceff6e36b78)

403 Forbidden: Private repository storage limit reached, please upg
   20025 loss=0.03270 nat=0.03159 xling=0.00125 en=0.00384 a=+0.1422 gn=0.03 1.03s/step | para=1.00
   20050 loss=0.03746 nat=0.03610 xling=0.00193 en=0.00421 a=+0.1422 gn=0.04 1.03s/step | para=1.00
   20075 loss=0.03147 nat=0.03053 xling=0.00057 en=0.00393 a=+0.1422 gn=0.01 1.03s/step | para=1.00
   20100 loss=0.04221 nat=0.04094 xling=0.00136 en=0.00457 a=+0.1423 gn=0.03 1.03s/step | para=1.00
   20125 loss=0.03137 nat=0.03039 xling=0.00060 en=0.00415 a=+0.1423 gn=0.02 1.03s/step | para=1.00
   20150 loss=0.03223 nat=0.03109 xling=0.00099 en=0.00445 a=+0.1423 gn=0.03 1.03s/step | para=1.00
   20175 loss=0.02868 nat=0.02790 xling=0.00048 en=0.00329 a=+0.1423 gn=0.01 1.03s/step | para=1.00
   20200 loss=0.04204 nat=0.04087 xling=0.00124 en=0.00424 a=+0.1423 gn=0.05 1.03s/step | para=1.00
   20225 loss=0.02949 nat=0.02850 xling=0.00065 en=0.00416 a=+0.1423 gn=0.01 1.03s/step | para=1.00 degen=0.00
   20250 loss=0.02519 nat=0.02445 xling=0.00053 en=0.00307 a=+0.1423 gn=0.01 1.03s/step | para=1.00 degen=0.00
   20275 loss=0.03070 nat=0.02999 xling=0.00040 en=0.00310 a=+0.1423 gn=0.03 1.03s/step | para=1.00
   20300 loss=0.05783 nat=0.05631 xling=0.00121 en=0.00616 a=+0.1423 gn=0.09 1.03s/step | para=1.00
   20325 loss=0.03221 nat=0.03120 xling=0.00052 en=0.00453 a=+0.1423 gn=0.01 1.03s/step | para=1.00
   20350 loss=0.03463 nat=0.03355 xling=0.00113 en=0.00402 a=+0.1424 gn=0.04 1.03s/step | para=1.00
   20375 loss=0.02935 nat=0.02850 xling=0.00067 en=0.00349 a=+0.1424 gn=0.02 1.03s/step | para=1.00
   20400 loss=0.02179 nat=0.02105 xling=0.00069 en=0.00290 a=+0.1424 gn=0.01 1.03s/step | para=1.00 degen=0.00
   20425 loss=0.04671 nat=0.04525 xling=0.00141 en=0.00566 a=+0.1424 gn=0.03 1.03s/step | para=1.00
   20450 loss=0.02617 nat=0.02545 xling=0.00051 en=0.00306 a=+0.1424 gn=0.03 1.03s/step | para=1.00
   20475 loss=0.03058 nat=0.02963 xling=0.00086 en=0.00379 a=+0.1425 gn=0.02 1.03s/step | para=1.00 degen=0.00
   20500 loss=0.03132 nat=0.02996 xling=0.00143 en=0.00514 a=+0.1425 gn=0.03 1.03s/step | para=1.00
  [val] step 20500: hi: native=0.03350 rel=+6.98% tiv=2.76e-03
   20525 loss=0.03325 nat=0.03229 xling=0.00078 en=0.00397 a=+0.1425 gn=0.01 1.03s/step | para=1.00
   20550 loss=0.03588 nat=0.03415 xling=0.00070 en=0.00815 a=+0.1425 gn=0.06 1.03s/step | para=1.00
   20575 loss=0.04155 nat=0.04010 xling=0.00190 en=0.00502 a=+0.1425 gn=0.03 1.03s/step | para=1.00 degen=0.00
   20600 loss=0.01989 nat=0.01941 xling=0.00036 en=0.00208 a=+0.1425 gn=0.01 1.03s/step | para=1.00
   20625 loss=0.03247 nat=0.03136 xling=0.00062 en=0.00500 a=+0.1426 gn=0.01 1.03s/step | para=1.00
   20650 loss=0.06007 nat=0.05835 xling=0.00154 en=0.00701 a=+0.1426 gn=0.07 1.03s/step | para=1.00
   20675 loss=0.02917 nat=0.02839 xling=0.00066 en=0.00326 a=+0.1426 gn=0.01 1.03s/step | para=1.00
   20700 loss=0.02799 nat=0.02709 xling=0.00085 en=0.00364 a=+0.1426 gn=0.02 1.03s/step | para=1.00
   20725 loss=0.03618 nat=0.03426 xling=0.00311 en=0.00593 a=+0.1426 gn=0.04 1.03s/step | para=1.00
   20750 loss=0.03133 nat=0.03053 xling=0.00060 en=0.00347 a=+0.1427 gn=0.02 1.03s/step | para=1.00
   20775 loss=0.02657 nat=0.02580 xling=0.00060 en=0.00330 a=+0.1427 gn=0.04 1.03s/step | para=1.00
   20800 loss=0.03753 nat=0.03649 xling=0.00115 en=0.00398 a=+0.1427 gn=0.05 1.03s/step | para=1.00 degen=0.00
   20825 loss=0.04584 nat=0.04394 xling=0.00202 en=0.00745 a=+0.1427 gn=0.04 1.03s/step | para=1.00
   20850 loss=0.02694 nat=0.02640 xling=0.00028 en=0.00258 a=+0.1427 gn=0.01 1.03s/step | para=1.00
   20875 loss=0.03287 nat=0.03170 xling=0.00111 en=0.00482 a=+0.1427 gn=0.02 1.03s/step | para=1.00 degen=0.00
   20900 loss=0.03724 nat=0.03621 xling=0.00093 en=0.00436 a=+0.1428 gn=0.02 1.03s/step | para=1.00
   20925 loss=0.04670 nat=0.04516 xling=0.00154 en=0.00626 a=+0.1428 gn=0.05 1.03s/step | para=1.00
   20950 loss=0.04491 nat=0.04331 xling=0.00111 en=0.00727 a=+0.1428 gn=0.04 1.03s/step | para=1.00 degen=0.00
   20975 loss=0.02864 nat=0.02783 xling=0.00071 en=0.00346 a=+0.1429 gn=0.02 1.03s/step | para=1.00
   21000 loss=0.04033 nat=0.03893 xling=0.00153 en=0.00555 a=+0.1429 gn=0.03 1.03s/step | para=1.00
  [val] step 21000: hi: native=0.03335 rel=+7.16% tiv=2.93e-03
   21025 loss=0.02531 nat=0.02462 xling=0.00072 en=0.00278 a=+0.1429 gn=0.02 1.03s/step | para=1.00
   21050 loss=0.02946 nat=0.02871 xling=0.00048 en=0.00353 a=+0.1430 gn=0.03 1.03s/step | para=1.00
   21075 loss=0.03392 nat=0.03268 xling=0.00071 en=0.00592 a=+0.1430 gn=0.02 1.03s/step | para=1.00
   21100 loss=0.02563 nat=0.02508 xling=0.00044 en=0.00243 a=+0.1430 gn=0.02 1.03s/step | para=1.00
   21125 loss=0.03338 nat=0.03254 xling=0.00083 en=0.00355 a=+0.1430 gn=0.02 1.03s/step | para=1.00
   21150 loss=0.05292 nat=0.05171 xling=0.00088 en=0.00553 a=+0.1430 gn=0.05 1.03s/step | para=1.00
   21175 loss=0.05834 nat=0.05736 xling=0.00073 en=0.00449 a=+0.1430 gn=0.05 1.03s/step | para=1.00
   21200 loss=0.02790 nat=0.02719 xling=0.00040 en=0.00346 a=+0.1430 gn=0.01 1.03s/step | para=1.00
   21225 loss=0.04635 nat=0.04417 xling=0.00200 en=0.00949 a=+0.1430 gn=0.08 1.03s/step | para=1.00 degen=0.00
   21250 loss=0.03435 nat=0.03354 xling=0.00071 en=0.00361 a=+0.1431 gn=0.03 1.03s/step | para=1.00
   21275 loss=0.03618 nat=0.03383 xling=0.00172 en=0.01095 a=+0.1431 gn=0.02 1.03s/step | para=1.00
   21300 loss=0.04783 nat=0.04688 xling=0.00054 en=0.00469 a=+0.1432 gn=0.04 1.03s/step | para=1.00
   21325 loss=0.03777 nat=0.03634 xling=0.00099 en=0.00680 a=+0.1432 gn=0.07 1.03s/step | para=1.00
   21350 loss=0.03782 nat=0.03574 xling=0.00379 en=0.00642 a=+0.1432 gn=0.06 1.03s/step | para=1.00
   21375 loss=0.03259 nat=0.03124 xling=0.00198 en=0.00492 a=+0.1432 gn=0.04 1.03s/step | para=1.00
   21400 loss=0.04028 nat=0.03914 xling=0.00081 en=0.00544 a=+0.1432 gn=0.03 1.03s/step | para=1.00 degen=0.00
   21425 loss=0.04500 nat=0.04341 xling=0.00122 en=0.00744 a=+0.1432 gn=0.02 1.03s/step | para=1.00
   21450 loss=0.05729 nat=0.05582 xling=0.00124 en=0.00676 a=+0.1432 gn=0.05 1.03s/step | para=1.00
   21475 loss=0.03857 nat=0.03755 xling=0.00143 en=0.00384 a=+0.1432 gn=0.02 1.03s/step | para=1.00
   21500 loss=0.03664 nat=0.03559 xling=0.00096 en=0.00475 a=+0.1432 gn=0.04 1.03s/step | para=1.00
  [val] step 21500: hi: native=0.03332 rel=+6.99% tiv=2.73e-03
   21525 loss=0.05499 nat=0.05433 xling=0.00046 en=0.00319 a=+0.1432 gn=0.01 1.03s/step | para=0.99 degen=0.01
   21550 loss=0.02759 nat=0.02648 xling=0.00085 en=0.00528 a=+0.1432 gn=0.01 1.03s/step | para=1.00
   21575 loss=0.03120 nat=0.03047 xling=0.00054 en=0.00355 a=+0.1432 gn=0.02 1.03s/step | para=1.00
   21600 loss=0.02201 nat=0.02141 xling=0.00050 en=0.00282 a=+0.1432 gn=0.01 1.03s/step | para=1.00
   21625 loss=0.02528 nat=0.02441 xling=0.00086 en=0.00387 a=+0.1432 gn=0.01 1.03s/step | para=1.00
   21650 loss=0.03927 nat=0.03806 xling=0.00077 en=0.00608 a=+0.1432 gn=0.04 1.03s/step | para=1.00
   21675 loss=0.03423 nat=0.03295 xling=0.00110 en=0.00606 a=+0.1433 gn=0.03 1.03s/step | para=1.00
   21700 loss=0.02547 nat=0.02485 xling=0.00051 en=0.00293 a=+0.1433 gn=0.02 1.03s/step | para=1.00
   21725 loss=0.03761 nat=0.03640 xling=0.00164 en=0.00487 a=+0.1433 gn=0.02 1.03s/step | para=1.00
   21750 loss=0.03110 nat=0.03016 xling=0.00056 en=0.00487 a=+0.1434 gn=0.03 1.03s/step | para=1.00
   21775 loss=0.02863 nat=0.02789 xling=0.00051 en=0.00371 a=+0.1434 gn=0.01 1.03s/step | para=1.00 degen=0.00
   21800 loss=0.03278 nat=0.03203 xling=0.00062 en=0.00367 a=+0.1434 gn=0.02 1.03s/step | para=1.00
   21825 loss=0.03551 nat=0.03426 xling=0.00144 en=0.00551 a=+0.1434 gn=0.07 1.03s/step | para=1.00 degen=0.00
   21850 loss=0.04758 nat=0.04662 xling=0.00086 en=0.00460 a=+0.1434 gn=0.07 1.03s/step | para=1.00
   21875 loss=0.03879 nat=0.03735 xling=0.00156 en=0.00647 a=+0.1434 gn=0.06 1.03s/step | para=1.00 degen=0.00
   21900 loss=0.04687 nat=0.04565 xling=0.00090 en=0.00615 a=+0.1434 gn=0.07 1.03s/step | para=1.00
   21925 loss=0.05835 nat=0.05713 xling=0.00079 en=0.00632 a=+0.1434 gn=0.05 1.03s/step | para=1.00
   21950 loss=0.06044 nat=0.05903 xling=0.00156 en=0.00639 a=+0.1435 gn=0.07 1.03s/step | para=1.00
   21975 loss=0.02630 nat=0.02556 xling=0.00052 en=0.00387 a=+0.1435 gn=0.01 1.03s/step | para=1.00 degen=0.00
   22000 loss=0.02878 nat=0.02796 xling=0.00109 en=0.00345 a=+0.1435 gn=0.02 1.03s/step | para=1.00
  [val] step 22000: hi: native=0.03335 rel=+6.94% tiv=2.90e-03
  !! HF push failed: (Request ID: Root=1-6a9cdc7e-2b738f5320acf5b977be1332;164948af-4259-46da-8f08-b6974ef3db82)

403 Forbidden: Private repository storage limit reached, please upg
   22025 loss=0.02427 nat=0.02273 xling=0.00087 en=0.00829 a=+0.1435 gn=0.05 1.03s/step | para=1.00 degen=0.00
   22050 loss=0.04380 nat=0.04281 xling=0.00124 en=0.00433 a=+0.1435 gn=0.03 1.03s/step | para=1.00
   22075 loss=0.03432 nat=0.03310 xling=0.00154 en=0.00535 a=+0.1435 gn=0.04 1.03s/step | para=1.00
   22100 loss=0.02885 nat=0.02821 xling=0.00059 en=0.00314 a=+0.1436 gn=0.01 1.03s/step | para=1.00
   22125 loss=0.02481 nat=0.02399 xling=0.00064 en=0.00421 a=+0.1436 gn=0.01 1.03s/step | para=1.00
   22150 loss=0.03436 nat=0.03335 xling=0.00121 en=0.00458 a=+0.1436 gn=0.02 1.03s/step | para=1.00 degen=0.00
   22175 loss=0.05070 nat=0.04891 xling=0.00180 en=0.00868 a=+0.1436 gn=0.03 1.03s/step | para=1.00
   22200 loss=0.03125 nat=0.03017 xling=0.00132 en=0.00484 a=+0.1436 gn=0.02 1.03s/step | para=1.00
   22225 loss=0.03794 nat=0.03673 xling=0.00049 en=0.00703 a=+0.1436 gn=0.02 1.03s/step | para=1.00
   22250 loss=0.03009 nat=0.02935 xling=0.00095 en=0.00329 a=+0.1437 gn=0.01 1.03s/step | para=1.00
   22275 loss=0.03179 nat=0.03093 xling=0.00065 en=0.00452 a=+0.1437 gn=0.02 1.03s/step | para=1.00 degen=0.00
   22300 loss=0.04327 nat=0.04173 xling=0.00147 en=0.00771 a=+0.1437 gn=0.04 1.03s/step | para=1.00 degen=0.00
   22325 loss=0.03017 nat=0.02923 xling=0.00078 en=0.00490 a=+0.1437 gn=0.01 1.03s/step | para=1.00
   22350 loss=0.03561 nat=0.03496 xling=0.00058 en=0.00330 a=+0.1437 gn=0.02 1.03s/step | para=1.00
   22375 loss=0.02733 nat=0.02648 xling=0.00093 en=0.00414 a=+0.1437 gn=0.04 1.03s/step | para=1.00 degen=0.00
   22400 loss=0.02471 nat=0.02415 xling=0.00044 en=0.00293 a=+0.1438 gn=0.01 1.03s/step | para=1.00
   22425 loss=0.03961 nat=0.03823 xling=0.00243 en=0.00526 a=+0.1438 gn=0.07 1.03s/step | para=1.00
   22450 loss=0.02910 nat=0.02855 xling=0.00055 en=0.00277 a=+0.1438 gn=0.07 1.03s/step | para=1.00 degen=0.00
   22475 loss=0.02945 nat=0.02861 xling=0.00101 en=0.00399 a=+0.1438 gn=0.02 1.03s/step | para=1.00
   22500 loss=0.04750 nat=0.04612 xling=0.00132 en=0.00707 a=+0.1438 gn=0.08 1.03s/step | para=1.00
  [val] step 22500: hi: native=0.03333 rel=+6.95% tiv=2.92e-03
   22525 loss=0.03544 nat=0.03481 xling=0.00075 en=0.00302 a=+0.1438 gn=0.02 1.03s/step | para=1.00 degen=0.00
   22550 loss=0.03909 nat=0.03835 xling=0.00067 en=0.00390 a=+0.1438 gn=0.02 1.03s/step | para=1.00
   22575 loss=0.03590 nat=0.03493 xling=0.00087 en=0.00516 a=+0.1438 gn=0.02 1.03s/step | para=1.00
   22600 loss=0.03377 nat=0.03298 xling=0.00105 en=0.00367 a=+0.1438 gn=0.04 1.03s/step | para=1.00 degen=0.00
   22625 loss=0.03834 nat=0.03674 xling=0.00051 en=0.00999 a=+0.1438 gn=0.05 1.03s/step | para=1.00
   22650 loss=0.07887 nat=0.07749 xling=0.00189 en=0.00638 a=+0.1438 gn=0.08 1.03s/step | para=1.00
   22675 loss=0.02813 nat=0.02732 xling=0.00082 en=0.00422 a=+0.1438 gn=0.02 1.03s/step | para=1.00
   22700 loss=0.03000 nat=0.02925 xling=0.00076 en=0.00396 a=+0.1439 gn=0.02 1.03s/step | para=1.00
   22725 loss=0.04711 nat=0.04543 xling=0.00138 en=0.00935 a=+0.1439 gn=0.04 1.03s/step | para=1.00
   22750 loss=0.05349 nat=0.05266 xling=0.00086 en=0.00433 a=+0.1439 gn=0.03 1.03s/step | para=1.00
   22775 loss=0.03532 nat=0.03440 xling=0.00073 en=0.00518 a=+0.1439 gn=0.05 1.03s/step | para=1.00 degen=0.00
   22800 loss=0.03168 nat=0.03067 xling=0.00080 en=0.00573 a=+0.1439 gn=0.04 1.03s/step | para=1.00
   22825 loss=0.03661 nat=0.03582 xling=0.00070 en=0.00437 a=+0.1439 gn=0.04 1.03s/step | para=1.00
   22850 loss=0.04406 nat=0.04346 xling=0.00085 en=0.00279 a=+0.1439 gn=0.02 1.03s/step | para=1.00
   22875 loss=0.04447 nat=0.04333 xling=0.00131 en=0.00588 a=+0.1439 gn=0.03 1.03s/step | para=1.00
   22900 loss=0.03587 nat=0.03505 xling=0.00120 en=0.00387 a=+0.1439 gn=0.04 1.03s/step | para=1.00
   22925 loss=0.05125 nat=0.05044 xling=0.00089 en=0.00426 a=+0.1440 gn=0.05 1.03s/step | para=1.00
   22950 loss=0.05824 nat=0.05682 xling=0.00151 en=0.00765 a=+0.1440 gn=0.06 1.03s/step | para=1.00
   22975 loss=0.03380 nat=0.03312 xling=0.00056 en=0.00391 a=+0.1440 gn=0.04 1.03s/step | para=1.00
   23000 loss=0.04130 nat=0.04012 xling=0.00118 en=0.00651 a=+0.1440 gn=0.02 1.03s/step | para=1.00
  [val] step 23000: hi: native=0.03331 rel=+7.16% tiv=3.10e-03
   23025 loss=0.02803 nat=0.02727 xling=0.00114 en=0.00360 a=+0.1440 gn=0.02 1.03s/step | para=1.00
   23050 loss=0.03494 nat=0.03388 xling=0.00107 en=0.00589 a=+0.1440 gn=0.05 1.03s/step | para=1.00
   23075 loss=0.05086 nat=0.05007 xling=0.00128 en=0.00361 a=+0.1440 gn=0.03 1.03s/step | para=1.00
   23100 loss=0.02775 nat=0.02720 xling=0.00062 en=0.00300 a=+0.1440 gn=0.02 1.03s/step | para=1.00
   23125 loss=0.02549 nat=0.02494 xling=0.00047 en=0.00324 a=+0.1441 gn=0.01 1.03s/step | para=1.00
   23150 loss=0.06781 nat=0.06668 xling=0.00107 en=0.00651 a=+0.1440 gn=0.02 1.03s/step | para=1.00
   23175 loss=0.03160 nat=0.03081 xling=0.00060 en=0.00476 a=+0.1440 gn=0.01 1.03s/step | para=1.00
   23200 loss=0.04306 nat=0.04235 xling=0.00083 en=0.00380 a=+0.1440 gn=0.03 1.03s/step | para=1.00
   23225 loss=0.03423 nat=0.03325 xling=0.00164 en=0.00449 a=+0.1441 gn=0.05 1.03s/step | para=1.00
   23250 loss=0.03252 nat=0.03161 xling=0.00108 en=0.00495 a=+0.1441 gn=0.01 1.03s/step | para=1.00
   23275 loss=0.05455 nat=0.05292 xling=0.00351 en=0.00626 a=+0.1441 gn=0.08 1.03s/step | para=1.00
   23300 loss=0.04237 nat=0.04152 xling=0.00085 en=0.00489 a=+0.1441 gn=0.03 1.03s/step | para=1.00
   23325 loss=0.03107 nat=0.03034 xling=0.00092 en=0.00391 a=+0.1441 gn=0.04 1.03s/step | para=1.00
   23350 loss=0.02593 nat=0.02509 xling=0.00169 en=0.00346 a=+0.1441 gn=0.03 1.03s/step | para=1.00
   23375 loss=0.03532 nat=0.03463 xling=0.00095 en=0.00359 a=+0.1441 gn=0.02 1.03s/step | para=1.00
   23400 loss=0.04622 nat=0.04457 xling=0.00352 en=0.00660 a=+0.1441 gn=0.05 1.03s/step | para=1.00
   23425 loss=0.03247 nat=0.03165 xling=0.00112 en=0.00437 a=+0.1441 gn=0.02 1.03s/step | para=1.00
   23450 loss=0.05470 nat=0.05326 xling=0.00205 en=0.00747 a=+0.1441 gn=0.09 1.03s/step | para=1.00
   23475 loss=0.03606 nat=0.03532 xling=0.00082 en=0.00426 a=+0.1441 gn=0.11 1.03s/step | para=1.00
   23500 loss=0.03073 nat=0.02988 xling=0.00067 en=0.00543 a=+0.1441 gn=0.03 1.03s/step | para=1.00
  [val] step 23500: hi: native=0.03333 rel=+7.23% tiv=3.19e-03
   23525 loss=0.02847 nat=0.02785 xling=0.00081 en=0.00338 a=+0.1441 gn=0.02 1.03s/step | para=1.00
   23550 loss=0.04217 nat=0.04159 xling=0.00057 en=0.00357 a=+0.1441 gn=0.02 1.03s/step | para=1.00 degen=0.00
   23575 loss=0.03533 nat=0.03455 xling=0.00062 en=0.00501 a=+0.1441 gn=0.03 1.03s/step | para=1.00
   23600 loss=0.04122 nat=0.03989 xling=0.00096 en=0.00872 a=+0.1441 gn=0.10 1.03s/step | para=1.00
   23625 loss=0.03082 nat=0.03010 xling=0.00069 en=0.00452 a=+0.1441 gn=0.02 1.03s/step | para=1.00
   23650 loss=0.04365 nat=0.04204 xling=0.00350 en=0.00665 a=+0.1441 gn=0.05 1.03s/step | para=1.00 degen=0.00
   23675 loss=0.02358 nat=0.02298 xling=0.00055 en=0.00378 a=+0.1441 gn=0.01 1.03s/step | para=1.00
   23700 loss=0.05115 nat=0.05050 xling=0.00066 en=0.00398 a=+0.1441 gn=0.05 1.03s/step | para=1.00
   23725 loss=0.04045 nat=0.03969 xling=0.00080 en=0.00461 a=+0.1442 gn=0.05 1.03s/step | para=1.00
   23750 loss=0.03486 nat=0.03409 xling=0.00089 en=0.00458 a=+0.1441 gn=0.03 1.03s/step | para=1.00
   23775 loss=0.03451 nat=0.03346 xling=0.00154 en=0.00574 a=+0.1442 gn=0.03 1.03s/step | para=1.00
   23800 loss=0.04826 nat=0.04765 xling=0.00086 en=0.00336 a=+0.1442 gn=0.03 1.03s/step | para=1.00
   23825 loss=0.05322 nat=0.05172 xling=0.00235 en=0.00802 a=+0.1442 gn=0.04 1.03s/step | para=1.00
   23850 loss=0.02808 nat=0.02749 xling=0.00053 en=0.00385 a=+0.1441 gn=0.01 1.03s/step | para=1.00
   23875 loss=0.03015 nat=0.02846 xling=0.00299 en=0.00847 a=+0.1442 gn=0.05 1.03s/step | para=1.00
   23900 loss=0.03121 nat=0.03051 xling=0.00094 en=0.00408 a=+0.1441 gn=0.04 1.03s/step | para=1.00
   23925 loss=0.03937 nat=0.03848 xling=0.00100 en=0.00557 a=+0.1441 gn=0.03 1.03s/step | para=1.00
   23950 loss=0.06212 nat=0.06113 xling=0.00115 en=0.00606 a=+0.1441 gn=0.10 1.03s/step | para=1.00
   23975 loss=0.03529 nat=0.03444 xling=0.00095 en=0.00535 a=+0.1442 gn=0.03 1.03s/step | para=1.00
   24000 loss=0.03764 nat=0.03673 xling=0.00143 en=0.00501 a=+0.1442 gn=0.04 1.03s/step | para=1.00
  [val] step 24000: hi: native=0.03338 rel=+6.96% tiv=2.99e-03
  !! HF push failed: (Request ID: Root=1-6a9ce480-5c0ed754133d3a823c9849b5;530fcb5a-8dc3-4d1d-ad0f-e3c5fa6f2c0d)

403 Forbidden: Private repository storage limit reached, please upg
   24025 loss=0.02796 nat=0.02727 xling=0.00092 en=0.00407 a=+0.1442 gn=0.02 1.03s/step | para=1.00
   24050 loss=0.04590 nat=0.04491 xling=0.00127 en=0.00600 a=+0.1442 gn=0.04 1.03s/step | para=1.00
   24075 loss=0.03988 nat=0.03905 xling=0.00100 en=0.00521 a=+0.1442 gn=0.04 1.03s/step | para=1.00 degen=0.00
   24100 loss=0.02946 nat=0.02772 xling=0.00093 en=0.01308 a=+0.1442 gn=0.02 1.03s/step | para=1.00
   24125 loss=0.03113 nat=0.03040 xling=0.00071 en=0.00500 a=+0.1442 gn=0.05 1.03s/step | para=1.00
   24150 loss=0.02763 nat=0.02713 xling=0.00060 en=0.00317 a=+0.1442 gn=0.01 1.03s/step | para=1.00 degen=0.00
   24175 loss=0.03154 nat=0.03065 xling=0.00078 en=0.00620 a=+0.1442 gn=0.06 1.03s/step | para=1.00 degen=0.00
   24200 loss=0.03390 nat=0.03312 xling=0.00129 en=0.00435 a=+0.1442 gn=0.02 1.03s/step | para=1.00
   24225 loss=0.03096 nat=0.03030 xling=0.00077 en=0.00438 a=+0.1442 gn=0.03 1.03s/step | para=1.00
   24250 loss=0.03093 nat=0.03035 xling=0.00075 en=0.00363 a=+0.1442 gn=0.01 1.03s/step | para=1.00
   24275 loss=0.02488 nat=0.02415 xling=0.00112 en=0.00428 a=+0.1442 gn=0.01 1.03s/step | para=1.00
   24300 loss=0.04089 nat=0.03999 xling=0.00109 en=0.00585 a=+0.1442 gn=0.05 1.03s/step | para=1.00
   24325 loss=0.03377 nat=0.03308 xling=0.00075 en=0.00470 a=+0.1442 gn=0.05 1.03s/step | para=1.00
   24350 loss=0.03836 nat=0.03739 xling=0.00123 en=0.00632 a=+0.1442 gn=0.06 1.03s/step | para=1.00
   24375 loss=0.02889 nat=0.02812 xling=0.00095 en=0.00509 a=+0.1442 gn=0.01 1.03s/step | para=0.99 degen=0.01
   24400 loss=0.02119 nat=0.02071 xling=0.00033 en=0.00372 a=+0.1442 gn=0.01 1.03s/step | para=1.00
   24425 loss=0.05632 nat=0.05513 xling=0.00107 en=0.00867 a=+0.1442 gn=0.05 1.03s/step | para=1.00
   24450 loss=0.02414 nat=0.02356 xling=0.00107 en=0.00317 a=+0.1442 gn=0.02 1.03s/step | para=1.00
   24475 loss=0.02622 nat=0.02577 xling=0.00050 en=0.00315 a=+0.1442 gn=0.01 1.03s/step | para=1.00
   24500 loss=0.02907 nat=0.02856 xling=0.00060 en=0.00350 a=+0.1442 gn=0.02 1.03s/step | para=1.00
  [val] step 24500: hi: native=0.03335 rel=+6.96% tiv=2.95e-03
   24525 loss=0.03509 nat=0.03459 xling=0.00080 en=0.00311 a=+0.1442 gn=0.03 1.03s/step | para=1.00
   24550 loss=0.03370 nat=0.03303 xling=0.00063 en=0.00496 a=+0.1442 gn=0.02 1.03s/step | para=1.00
   24575 loss=0.03674 nat=0.03621 xling=0.00084 en=0.00332 a=+0.1442 gn=0.02 1.03s/step | para=1.00
   24600 loss=0.03538 nat=0.03484 xling=0.00051 en=0.00397 a=+0.1442 gn=0.02 1.03s/step | para=1.00
   24625 loss=0.02880 nat=0.02832 xling=0.00061 en=0.00324 a=+0.1442 gn=0.01 1.03s/step | para=1.00
   24650 loss=0.04077 nat=0.04006 xling=0.00088 en=0.00500 a=+0.1442 gn=0.01 1.03s/step | para=1.00
   24675 loss=0.04149 nat=0.04091 xling=0.00057 en=0.00434 a=+0.1442 gn=0.03 1.03s/step | para=1.00 degen=0.00
   24700 loss=0.03554 nat=0.03433 xling=0.00126 en=0.00897 a=+0.1442 gn=0.02 1.03s/step | para=1.00
   24725 loss=0.03570 nat=0.03480 xling=0.00189 en=0.00481 a=+0.1442 gn=0.03 1.03s/step | para=1.00
   24750 loss=0.03389 nat=0.03310 xling=0.00090 en=0.00577 a=+0.1443 gn=0.02 1.03s/step | para=1.00
   24775 loss=0.03177 nat=0.03121 xling=0.00065 en=0.00411 a=+0.1443 gn=0.03 1.03s/step | para=1.00
   24800 loss=0.04100 nat=0.04038 xling=0.00064 en=0.00468 a=+0.1443 gn=0.03 1.03s/step | para=1.00
   24825 loss=0.03403 nat=0.03316 xling=0.00174 en=0.00499 a=+0.1443 gn=0.03 1.03s/step | para=1.00
   24850 loss=0.03075 nat=0.03018 xling=0.00131 en=0.00298 a=+0.1443 gn=0.07 1.03s/step | para=1.00
   24875 loss=0.03715 nat=0.03628 xling=0.00140 en=0.00569 a=+0.1443 gn=0.02 1.03s/step | para=1.00
   24900 loss=0.04314 nat=0.04015 xling=0.00981 en=0.00989 a=+0.1443 gn=0.05 1.03s/step | para=1.00
   24925 loss=0.03588 nat=0.03494 xling=0.00207 en=0.00517 a=+0.1443 gn=0.03 1.03s/step | para=1.00
   24950 loss=0.05387 nat=0.05168 xling=0.00234 en=0.01705 a=+0.1443 gn=0.12 1.03s/step | para=1.00
   24975 loss=0.03551 nat=0.03499 xling=0.00074 en=0.00371 a=+0.1443 gn=0.03 1.03s/step | para=1.00
   25000 loss=0.03770 nat=0.03642 xling=0.00205 en=0.00868 a=+0.1443 gn=0.03 1.03s/step | para=1.00
  [val] step 25000: hi: native=0.03335 rel=+6.97% tiv=2.97e-03
  !! HF push failed: (Request ID: Root=1-6a9ce889-6b5f8da502e9d5755cd8a497;8c6043bd-62b7-4400-9900-3a091033e261)

403 Forbidden: Private repository storage limit reached, please upg

done in 427.4 min -> /workspace/runs/maila-mp-hi-v4D-corpus-len0.5-20260905-210619
wandb: updating run metadata
wandb: uploading output.log; uploading wandb-summary.json; uploading config.yaml
wandb: 
wandb: Run history:
wandb:                  alpha ▁▂▂▂▂▂▃▃▃▃▃▃▄▄▄▄▄▅▅▅▅▅▆▆▇▇▇▇▇▇██████████
wandb:                     en ▂▁▃▃▂█▂█▁▃▂▃▁▇▁▂▂▂▁▃▆▂▂▂▄▃▃▂▂▃▂▅▂▄▃▃▃▃▅▂
wandb: frac_cross_nonparallel ▁▁▁▁▁▁▁▁▁▁▁▁▁▁▁▁▁▁▁▁▁▁▁▁▁▁▁▁▁▁▁▁▁▁▁▁▁▁▁▁
wandb:    frac_cross_parallel ▁▁▁▁▁▁▁▁▁▁▁▁▁▁▁▁▁▁▁▁▁▁▁▁▁▁▁▁▁▁▁▁▁▁▁▁▁▁▁▁
wandb:        frac_degenerate ▁▁▁██▁▁█▁▁█▁▁▁▁▁▁▁▁█▁▁▁██▁▁█▁▁▁▁▁▁▁▁▁▁▁▁
wandb:              frac_para ████████▁█████▁█▁█▁██████▁███████▁██████
wandb:            gnorm/alpha ▃▁▁▂▂▁▂▁▁▂▂▃▃▂▂▂▂▁▁▂▂▁▂▂▂█▁▂▁▁▁▁▃▁▂▂▂▂▅▁
wandb:         gnorm/fc1.bias ▁▁▂▁▄▂▂▂▂▂▃▃▅▂▂▄▄▃▅▃▄▂▃▄▆▄▄▄█▄▁▃▂▄▄█▇▅▂▄
wandb:       gnorm/fc1.weight ▂▂▂▁▁▁▂▂▂▂▂▄▃▆▂▃▂▂▂█▂▆▂▂▂▃▄▆▃▂▃▄▂▆▂▄▄▆▂▂
wandb:         gnorm/fc2.bias ▄▂█▄▅▇▃▁▄▄▃▂▄▆▂▅▆▃▃▇▃▅▃▅▂▂▅▂▃▂▂▂▃▄▇▃▃▄▅▃
wandb:                    +31 ...
wandb: 
wandb: Run summary:
wandb:                  alpha 0.14431
wandb:                     en 0.00868
wandb: frac_cross_nonparallel 0
wandb:    frac_cross_parallel 0
wandb:        frac_degenerate 0
wandb:              frac_para 1
wandb:            gnorm/alpha 0.00464
wandb:         gnorm/fc1.bias 0.00087
wandb:       gnorm/fc1.weight 0.02264
wandb:         gnorm/fc2.bias 0.00086
wandb:                    +31 ...
wandb: 
wandb: 🚀 View run maila-mp-hi-v4D-corpus-len0.5-20260905-210619 at: https://wandb.ai/aayush21003-indraprastha-institute-of-information-techno/maila-run2-motionpivot/runs/34mjptgu
wandb: ⭐️ View project at: https://wandb.ai/aayush21003-indraprastha-institute-of-information-techno/maila-run2-motionpivot
wandb: Synced 5 W&B file(s), 0 media file(s), 0 artifact file(s) and 0 other file(s)
wandb: Find logs at: ./wandb/run-20260905_210634-34mjptgu/logs
